path	length	sha256	action
linux_x64/desktop/qt6_6112/qt6_6112/Updates.xml	115171	5cc522ccfe18d76a6e703bfb33704cdfff3ed24695ca3d449c4d710bc6385e32	cached
all_os/qt/qt6_6112_unix_line_endings_src/Updates.xml	73413	56eda053cf58039ddef26e866d9687a513bfe1e0fe17254fa84f87aee64eaaa2	cached
linux_x64/desktop/tools_generic/Updates.xml	1469	b6aecc79c43697c4e31ade479461fdbca563b5f111bfa9607d3f5e376f635344	cached
linux_x64/desktop/sdktool/Updates.xml	987	b6e78965fa5711b4249eaf365c322a0cc751fa23c5eb8a74102da08373306f71	cached
all_os/license_agreements/licenses/Updates.xml	3482	21af9b0e5417a0bfe20a5896dc3b4131c6c79dd48cc719328390d551cc03d365	cached
all_os/qt_patchers/6112/Updates.xml	972	59967da435797a32b6045a3c2d7246ba1e58c6a94b980adc42ccf435ca027a5a	cached
all_os/unified_patching/Updates.xml	700	d2f0666669a8b71f674a5f93363edd97fa8293b405e3a1d8e917817d688f0df9	cached
all_os/dependencycheck/Updates.xml	775	bd4e281c18fa64f213a8506e8b25a94f0f369b75e92c1e28aa5378239a906c5a	cached
all_os/default_install/Updates.xml	875	1e0f966bb6954a3dfe0645fd908b2d91071281564eda09e809d747c0d684e748	cached
linux_x64/desktop/qt6_6112/qt6_6112/2026-08-13-1101_meta.7z	4563	0b3be7c1efc48ae76c4876d88b035f50feff1770486f4153e9e4de570f9cbd8c	cached
all_os/qt/qt6_6112_unix_line_endings_src/2026-08-13-1030_meta.7z	2027	e8e7136177195d2b9e7b584444a7032e18b3d56cf139bea6581c5e2e440916c1	cached
linux_x64/desktop/tools_generic/2026-09-03-1112_meta.7z	3338	82c96f945f31162ba8f2a3e391f62607223049e5bb3817276b2ae81b5fee5679	cached
linux_x64/desktop/sdktool/2026-09-22-1200_meta.7z	3406	3ba4b1e7bde8e8f9c53f2de26176037f6035c769516995a4045449cd4b85a109	cached
all_os/license_agreements/licenses/2024-04-15-0915_meta.7z	27560	783101d120e2f259110d87ad73ba4f285d7eac5e653352914e80697f7cc70b5e	cached
all_os/qt_patchers/6112/2026-08-13-1018_meta.7z	5478	8f429b0fbd4c6e7f6b5a5a565d305a8aa28ef20fad4da6ce2dde3f807c56b2b6	cached
all_os/unified_patching/2023-11-21-1039_meta.7z	4139	d0e7809c51156ed1da18bc2d2d3c1687c51eb38f008e49548abb24019b17a9a8	cached
all_os/dependencycheck/2026-08-26-0909_meta.7z	6548	9dac2ae601651eeaccbbe9b1440d7f522820725b2639b6a4154d53aba8e5f4d6	cached
all_os/default_install/2026-08-18-0452_meta.7z	10607	cf6e55c50d7bc0c5fdabfbef5b5cbe736e28dc9573fbdbbfffea598e4c275f44	cached
all_os/license_agreements/licenses/qt.license.thirdparty/1.0.0-1Licenses.7z	7869	039953c483687f98699c6786a6099a3a288af372047228e40fc74a212fc6291d	refetched-after-mismatch
all_os/license_agreements/licenses/qt.license.thirdparty/1.0.0-1Licenses.7z.sha1	40	e397c48bfea1913743c5226f4aa13d999ceff5cff2d8e9b2dcfdd823bdbbbbdb	cached
all_os/qt/qt6_6112_unix_line_endings_src/qt.qt6.6112/6.11.2-0-202608131018sha1s.txt.7z	1617	7a189d1c4b746c1db11582b8ab4562bcbe2314f6d44c16876c69772773a18efc	cached
all_os/qt/qt6_6112_unix_line_endings_src/qt.qt6.6112/6.11.2-0-202608131018sha1s.txt.7z.sha1	40	2faaf05a1017c3c517de5d10402a55f81bfa6bc7b228478b7e0b5d74200bb792	cached
linux_x64/desktop/qt6_6112/qt6_6112/qt.qt6.6112.addons.qtmultimedia.linux_gcc_64/6.11.2-0-202608131018qtmultimedia-Linux-RHEL_9_6-GCC-Linux-RHEL_9_6-X86_64.7z	37380263	0c9ad138338e73bff26e8454807550f41d59e9402b46c50c1ffceb91e7ce7664	cached
linux_x64/desktop/qt6_6112/qt6_6112/qt.qt6.6112.addons.qtmultimedia.linux_gcc_64/6.11.2-0-202608131018qtmultimedia-Linux-RHEL_9_6-GCC-Linux-RHEL_9_6-X86_64.7z.sha1	40	b66c74babd4426674cc23d8c439147f602a033311c8fec2cc508c2f52123fb5e	cached
linux_x64/desktop/qt6_6112/qt6_6112/qt.qt6.6112.addons.qtshadertools.linux_gcc_64/6.11.2-0-202608131018qtshadertools-Linux-RHEL_9_6-GCC-Linux-RHEL_9_6-X86_64.7z	1692375	838c80576bed32aeb5ba6eaa9c58a32f1d6e6b9d63c372b40c4fbcfcd1a086f6	cached
linux_x64/desktop/qt6_6112/qt6_6112/qt.qt6.6112.addons.qtshadertools.linux_gcc_64/6.11.2-0-202608131018qtshadertools-Linux-RHEL_9_6-GCC-Linux-RHEL_9_6-X86_64.7z.sha1	40	0d4e2e98b09bf48a011db5313a2285f2bb340809fe3ee3deed9bd90c014809f4	cached
all_os/qt/qt6_6112_unix_line_endings_src/qt.qt6.6112.doc/6.11.2-0-202608131018qt5-documentation.tar.xz	216528	706e48fb250abfe6238eb7d0fead7a8339f9ec7923e48bff9adc8141a5e1c286	cached
all_os/qt/qt6_6112_unix_line_endings_src/qt.qt6.6112.doc/6.11.2-0-202608131018qt5-documentation.tar.xz.sha1	40	7b9b513d0e4ca39aa8eddefeec55d361004fe70beb0c94ad790a8414a3c0cf0a	cached
all_os/qt/qt6_6112_unix_line_endings_src/qt.qt6.6112.doc/6.11.2-0-202608131018qdoc-documentation.tar.xz	309728	f240117c4ee842a32551ae55b9a5799f1bab9d27e0f6aa6049f848a31ad26418	cached
all_os/qt/qt6_6112_unix_line_endings_src/qt.qt6.6112.doc/6.11.2-0-202608131018qdoc-documentation.tar.xz.sha1	40	7a886286e45e0dbbec457aac47863882846f9c82f89b634a82c71453207fe819	cached
all_os/qt/qt6_6112_unix_line_endings_src/qt.qt6.6112.doc/6.11.2-0-202608131018qmake-documentation.tar.xz	348004	97200267adb0535596b36fd7b5aa4514f385176bc25b52877c18e205b901c115	cached
all_os/qt/qt6_6112_unix_line_endings_src/qt.qt6.6112.doc/6.11.2-0-202608131018qmake-documentation.tar.xz.sha1	40	48b5bd9310d4ac3a0f6b3ee043100d603c3a1647a74aa5353f8a9d27dfba4f34	cached
all_os/qt/qt6_6112_unix_line_endings_src/qt.qt6.6112.doc/6.11.2-0-202608131018qtassistant-documentation.tar.xz	735352	9f4cd39d6bf0a84a50b0974c74b5fa3c5a7c6ec4ddd62f4e0a0939d700b36ce3	cached
all_os/qt/qt6_6112_unix_line_endings_src/qt.qt6.6112.doc/6.11.2-0-202608131018qtassistant-documentation.tar.xz.sha1	40	2f9e8c69defacaa862aa754ee3d9e8bca5b44413732b6bf298858ade916156f2	cached
all_os/qt/qt6_6112_unix_line_endings_src/qt.qt6.6112.doc/6.11.2-0-202608131018qtconcurrent-documentation.tar.xz	191352	5c1ab63bad022162cdbbc69b89261e658a0c4f031594a2c475a6ca64a7bf66c7	cached
all_os/qt/qt6_6112_unix_line_endings_src/qt.qt6.6112.doc/6.11.2-0-202608131018qtconcurrent-documentation.tar.xz.sha1	40	eb856e677b9e18188c1c007a6bb763f271d2b390ed3e1505f2aa8b25e5099965	cached
all_os/qt/qt6_6112_unix_line_endings_src/qt.qt6.6112.doc/6.11.2-0-202608131018qtcmake-documentation.tar.xz	105176	8f35bd939e6a5711c3d51140bf91bae38168c0191bb31fad78635cdfe36cb43b	cached
all_os/qt/qt6_6112_unix_line_endings_src/qt.qt6.6112.doc/6.11.2-0-202608131018qtcmake-documentation.tar.xz.sha1	40	8793f423b33a1a4db8a5883569a806de190b9724b130f0d518c7cdbf4721dbb2	cached
all_os/qt/qt6_6112_unix_line_endings_src/qt.qt6.6112.doc/6.11.2-0-202608131018qtcore-documentation.tar.xz	7227680	6eb4b5f5f5335a17b8735845dbbc8a0fb874ebaae8bf46b7c7811cd89749de17	cached
all_os/qt/qt6_6112_unix_line_endings_src/qt.qt6.6112.doc/6.11.2-0-202608131018qtcore-documentation.tar.xz.sha1	40	5ea239e02970b1d5dfe55591a28b98442364cd23c67e9af2b2fff32fb122e669	cached
all_os/qt/qt6_6112_unix_line_endings_src/qt.qt6.6112.doc/6.11.2-0-202608131018qtdbus-documentation.tar.xz	339940	095febaaf216993120f807663b81d3b480ac5a15323b5cff47cd547e88107723	cached
all_os/qt/qt6_6112_unix_line_endings_src/qt.qt6.6112.doc/6.11.2-0-202608131018qtdbus-documentation.tar.xz.sha1	40	1580d37ad4c30e7e03571d9cb71d3bccb47f3d89c691174e084d672c85259cb0	cached
all_os/qt/qt6_6112_unix_line_endings_src/qt.qt6.6112.doc/6.11.2-0-202608131018qtdesigner-documentation.tar.xz	3330792	adde4046fa5225e871abffd1b4ab64d82e8ec0e0df4342d13ee01f1cf9ad9543	cached
all_os/qt/qt6_6112_unix_line_endings_src/qt.qt6.6112.doc/6.11.2-0-202608131018qtdesigner-documentation.tar.xz.sha1	40	9481589cff74035083b1b05d8954b9217711e2533d0a67a379f04a1fa6edda71	cached
all_os/qt/qt6_6112_unix_line_endings_src/qt.qt6.6112.doc/6.11.2-0-202608131018qtdistancefieldgenerator-documentation.tar.xz	149424	ead17ce397137c94a60472bbd3e67fe1f91f0a8cbc00d5e0e4d9db1777044638	cached
all_os/qt/qt6_6112_unix_line_endings_src/qt.qt6.6112.doc/6.11.2-0-202608131018qtdistancefieldgenerator-documentation.tar.xz.sha1	40	be1164c6a5021ddd74523262fc9e62a5d5ad9724725b460101713872b11ae2d5	cached
all_os/qt/qt6_6112_unix_line_endings_src/qt.qt6.6112.doc/6.11.2-0-202608131018qtdoc-documentation.tar.xz	19521628	d794b3c44e51b4f6e0e5a40b5aa6f853afbce8c336c3e74c5822a8eade9bca22	cached
all_os/qt/qt6_6112_unix_line_endings_src/qt.qt6.6112.doc/6.11.2-0-202608131018qtdoc-documentation.tar.xz.sha1	40	72da74712b9edadd3a3f1b379acddde40d07a709921160b36e533d952eb190f9	cached
all_os/qt/qt6_6112_unix_line_endings_src/qt.qt6.6112.doc/6.11.2-0-202608131018qtgui-documentation.tar.xz	6145364	b146af8404df98316baa7a7e7a84bd31f38902ed3f6b8dfff576790fe1969fbb	cached
all_os/qt/qt6_6112_unix_line_endings_src/qt.qt6.6112.doc/6.11.2-0-202608131018qtgui-documentation.tar.xz.sha1	40	342efd7550a5f84d58bb3262329e6b8315c1d239f9a99c97eb54c1f746ef9c54	cached
all_os/qt/qt6_6112_unix_line_endings_src/qt.qt6.6112.doc/6.11.2-0-202608131018qthelp-documentation.tar.xz	302516	ad9583844d99fe0d55dc9bd1b559929d588f91a7340bcb652571a30794df9434	cached
all_os/qt/qt6_6112_unix_line_endings_src/qt.qt6.6112.doc/6.11.2-0-202608131018qthelp-documentation.tar.xz.sha1	40	dd3a701340886dce0385c46437dfc22fabe823300625c175a57515712ce149e5	cached
all_os/qt/qt6_6112_unix_line_endings_src/qt.qt6.6112.doc/6.11.2-0-202608131018qtjenny-documentation.tar.xz	72836	332e0560dded560dddf1643e10314ee4c2b3b467b33405254bc48cca6e66e182	cached
all_os/qt/qt6_6112_unix_line_endings_src/qt.qt6.6112.doc/6.11.2-0-202608131018qtjenny-documentation.tar.xz.sha1	40	af79a0a94c77e8932581e4ec8c9fa3a9955dbe50d7e35d2d81ec7882bcec4a98	cached
all_os/qt/qt6_6112_unix_line_endings_src/qt.qt6.6112.doc/6.11.2-0-202608131018qtlabsplatform-documentation.tar.xz	538784	a87252a1f0737dd721ec54169f71a2d336882c17f18cf998f48eaaecd84f368b	cached
all_os/qt/qt6_6112_unix_line_endings_src/qt.qt6.6112.doc/6.11.2-0-202608131018qtlabsplatform-documentation.tar.xz.sha1	40	407b90e5ed77eb381e27e5b6ce24d46d0004c2698b62566db64a8f3ff4edaf00	cached
all_os/qt/qt6_6112_unix_line_endings_src/qt.qt6.6112.doc/6.11.2-0-202608131018qtlabsstylekit-documentation.tar.xz	310968	076d75fe08934ce4eed7c8f3056d7a21dfc4083d3e41e3040c43f0a61a8e652a	cached
all_os/qt/qt6_6112_unix_line_endings_src/qt.qt6.6112.doc/6.11.2-0-202608131018qtlabsstylekit-documentation.tar.xz.sha1	40	06dd80ca929662fbddc4ddfed500568149c9f91e6598c0d4a8f217ee8614dd52	cached
all_os/qt/qt6_6112_unix_line_endings_src/qt.qt6.6112.doc/6.11.2-0-202608131018qtlinguist-documentation.tar.xz	879916	aa33b85401187d5f396967170e228bf0050359f46d923d65812041d1d0516c58	cached
all_os/qt/qt6_6112_unix_line_endings_src/qt.qt6.6112.doc/6.11.2-0-202608131018qtlinguist-documentation.tar.xz.sha1	40	664599db557f7c4c22f298429f528fa99276511ac15fe15c25c7da492c923b0a	cached
all_os/qt/qt6_6112_unix_line_endings_src/qt.qt6.6112.doc/6.11.2-0-202608131018qtnetwork-documentation.tar.xz	1488924	78cd681d5b8e53fd38904e15644dc10197e0299c9cca6a99210f1d2224f71f1d	cached
all_os/qt/qt6_6112_unix_line_endings_src/qt.qt6.6112.doc/6.11.2-0-202608131018qtnetwork-documentation.tar.xz.sha1	40	7a46a710bb5862fb40bce90e6c0987309060e721667c68bbda8568bedd6cb82d	cached
all_os/qt/qt6_6112_unix_line_endings_src/qt.qt6.6112.doc/6.11.2-0-202608131018qtopengl-documentation.tar.xz	1030296	b5dc03ee090103a25944a000953094071644824c3fdf4b39747ab2f65c50063d	cached
all_os/qt/qt6_6112_unix_line_endings_src/qt.qt6.6112.doc/6.11.2-0-202608131018qtopengl-documentation.tar.xz.sha1	40	064e5d36b9f3916b0becfeddfd688a7eb89fa19171816a6dbc46640ae1452b8a	cached
all_os/qt/qt6_6112_unix_line_endings_src/qt.qt6.6112.doc/6.11.2-0-202608131018qtplatformintegration-documentation.tar.xz	42076	4e97b125876f670a66f0b070ca8be85297bfa8e7be76ca5326c7a8fcd0688be4	cached
all_os/qt/qt6_6112_unix_line_endings_src/qt.qt6.6112.doc/6.11.2-0-202608131018qtplatformintegration-documentation.tar.xz.sha1	40	6a670f808ec45ec7d8f1f9ae80e5b23680a6b79808aaf12593f160cad07f0cf7	cached
all_os/qt/qt6_6112_unix_line_endings_src/qt.qt6.6112.doc/6.11.2-0-202608131018qtprintsupport-documentation.tar.xz	349400	4cb6566c9c70eff1d1318415d29fae131ca944417bab02f209a25e29094f43fd	cached
all_os/qt/qt6_6112_unix_line_endings_src/qt.qt6.6112.doc/6.11.2-0-202608131018qtprintsupport-documentation.tar.xz.sha1	40	51712a80760ce2354d243d5756f4c0e60d768eb24d5441d8c7b38dfcb6704eec	cached
all_os/qt/qt6_6112_unix_line_endings_src/qt.qt6.6112.doc/6.11.2-0-202608131018qtqml-documentation.tar.xz	1694744	85b03dc2a38f8cb43cf0780adbc0e89b4c5200f31c4da47f5e97c7485bf7c82e	cached
all_os/qt/qt6_6112_unix_line_endings_src/qt.qt6.6112.doc/6.11.2-0-202608131018qtqml-documentation.tar.xz.sha1	40	e30348e49caface3fc3af8392627d9521a0eab669610813439b7f7fdcdbf40d9	cached
all_os/qt/qt6_6112_unix_line_endings_src/qt.qt6.6112.doc/6.11.2-0-202608131018qtqmlcore-documentation.tar.xz	69100	72cfc449eb9ae388382402deeb5d466757745921ffc68a1e41d0760dfda58677	cached
all_os/qt/qt6_6112_unix_line_endings_src/qt.qt6.6112.doc/6.11.2-0-202608131018qtqmlcore-documentation.tar.xz.sha1	40	e56df8748fa09749e62d9ab348db228b997cef869a7c108eacb8492bdaa8b295	cached
all_os/qt/qt6_6112_unix_line_endings_src/qt.qt6.6112.doc/6.11.2-0-202608131018qtqmlmodels-documentation.tar.xz	196404	05289bd71e017f26d205eabd8c6d85a4dfd22ce5207a223ee27c016c3f39461d	cached
all_os/qt/qt6_6112_unix_line_endings_src/qt.qt6.6112.doc/6.11.2-0-202608131018qtqmlmodels-documentation.tar.xz.sha1	40	ddb0579ad3d7f5fc7394562ce6239109c922e4f62eca21b8e6fe77c27a9eca19	cached
all_os/qt/qt6_6112_unix_line_endings_src/qt.qt6.6112.doc/6.11.2-0-202608131018qtqmltest-documentation.tar.xz	92468	51474ffe5d6b1cf2285d102b846f79a5412d7f86b5885c66084ceef3da0dfbf1	cached
all_os/qt/qt6_6112_unix_line_endings_src/qt.qt6.6112.doc/6.11.2-0-202608131018qtqmltest-documentation.tar.xz.sha1	40	62c2587d9fcf6c56e676e93534ac9c91f77a9681086635c4ee6bfa5abbde424b	cached
all_os/qt/qt6_6112_unix_line_endings_src/qt.qt6.6112.doc/6.11.2-0-202608131018qtqmlworkerscript-documentation.tar.xz	32752	73b5f4e3f47dd26e29d67e70604e155c4986ef41c9969a950696ad3f78df5fc3	cached
all_os/qt/qt6_6112_unix_line_endings_src/qt.qt6.6112.doc/6.11.2-0-202608131018qtqmlworkerscript-documentation.tar.xz.sha1	40	7d79f0d60fe4dcc1c6032f2b63ed1f74a233c2c4054d7239a15a3802be8c8baa	cached
all_os/qt/qt6_6112_unix_line_endings_src/qt.qt6.6112.doc/6.11.2-0-202608131018qtqmlxmllistmodel-documentation.tar.xz	38584	958aa162eefbc6dc37fc88e8f6cce6c94cd5a4279566c9d6afa06307c027ac32	cached
all_os/qt/qt6_6112_unix_line_endings_src/qt.qt6.6112.doc/6.11.2-0-202608131018qtqmlxmllistmodel-documentation.tar.xz.sha1	40	e277ca53fd680876f706323ac0b458b144adff56a020a25e1c0864596c485893	cached
all_os/qt/qt6_6112_unix_line_endings_src/qt.qt6.6112.doc/6.11.2-0-202608131018qtquick-documentation.tar.xz	25848288	cad353f5d55a349f2499dcde24c4749f1fbea9dd8d93b811216205797a08a0ca	cached
all_os/qt/qt6_6112_unix_line_endings_src/qt.qt6.6112.doc/6.11.2-0-202608131018qtquick-documentation.tar.xz.sha1	40	f688634bb0836f7ebce19c98bfb7971a5f9d1f52b717c13a75e86b7128385ffa	cached
all_os/qt/qt6_6112_unix_line_endings_src/qt.qt6.6112.doc/6.11.2-0-202608131018qtquickcontrols-documentation.tar.xz	7649844	97512417614825a3429109acbf27e8409c32789a13bbe88f472acb5e17d86cd7	cached
all_os/qt/qt6_6112_unix_line_endings_src/qt.qt6.6112.doc/6.11.2-0-202608131018qtquickcontrols-documentation.tar.xz.sha1	40	364ad61e7aac201a2da2af7045d218576c65a61150f0c9766a52192f95543373	cached
all_os/qt/qt6_6112_unix_line_endings_src/qt.qt6.6112.doc/6.11.2-0-202608131018qtquickdialogs-documentation.tar.xz	314428	4d4a93005d9caadb29e271e7848ec5540375f21e0fda51a8dcf247c46b138460	cached
all_os/qt/qt6_6112_unix_line_endings_src/qt.qt6.6112.doc/6.11.2-0-202608131018qtquickdialogs-documentation.tar.xz.sha1	40	e9d8509e3b008367623801a589a998ac7d0c9c677f59aae112ceff2cee231a54	cached
all_os/qt/qt6_6112_unix_line_endings_src/qt.qt6.6112.doc/6.11.2-0-202608131018qtsql-documentation.tar.xz	909888	c0a61d589bedfe6b528922bc9d664418594c9c3c21bea61542f28e8c0b76d468	cached
all_os/qt/qt6_6112_unix_line_endings_src/qt.qt6.6112.doc/6.11.2-0-202608131018qtsql-documentation.tar.xz.sha1	40	7a36621aa3411be9d974586c2ed34c32a16830610cb7e8873116f1041a66ffa2	cached
all_os/qt/qt6_6112_unix_line_endings_src/qt.qt6.6112.doc/6.11.2-0-202608131018qtsvg-documentation.tar.xz	671564	e72d9fe2e6a49756980b3c20b67f6cc8794a71095f306fa0ddf3ae2280f34b99	cached
all_os/qt/qt6_6112_unix_line_endings_src/qt.qt6.6112.doc/6.11.2-0-202608131018qtsvg-documentation.tar.xz.sha1	40	d74b45991f5bc21c082391f3b5245dfb877bfe55b92f17460bc6d61322d0b1df	cached
all_os/qt/qt6_6112_unix_line_endings_src/qt.qt6.6112.doc/6.11.2-0-202608131018qttestlib-documentation.tar.xz	254032	670d02374b22d4b9e2635eaffc42d3d71a86fe5a7fae8e4abd43aa2096540b4a	cached
all_os/qt/qt6_6112_unix_line_endings_src/qt.qt6.6112.doc/6.11.2-0-202608131018qttestlib-documentation.tar.xz.sha1	40	e7cc52843987e42efc02ef68bd33a809848629d9126bea8e695d71847473078f	cached
all_os/qt/qt6_6112_unix_line_endings_src/qt.qt6.6112.doc/6.11.2-0-202608131018qtuitools-documentation.tar.xz	206628	77804f9b26bea01c9cece006bc54e57b3d34e081ef72ee035e8f3877411808e4	cached
all_os/qt/qt6_6112_unix_line_endings_src/qt.qt6.6112.doc/6.11.2-0-202608131018qtuitools-documentation.tar.xz.sha1	40	b485b20f5721b555746084fd94271c5766ca0e319edead47d42b228c5cc80f8f	cached
all_os/qt/qt6_6112_unix_line_endings_src/qt.qt6.6112.doc/6.11.2-0-202608131018qtwidgets-documentation.tar.xz	20416932	f1ae984f8bdd0cdba079564c24b5595c00cb9c881b51eee6ad2b704d22b24af0	cached
all_os/qt/qt6_6112_unix_line_endings_src/qt.qt6.6112.doc/6.11.2-0-202608131018qtwidgets-documentation.tar.xz.sha1	40	2ea89ce77b0cab55d50b9c52241128b456d967c6ec27acfe22f4b8b547a5f932	cached
all_os/qt/qt6_6112_unix_line_endings_src/qt.qt6.6112.doc/6.11.2-0-202608131018qtxml-documentation.tar.xz	347792	2b389443d3620d0775f5f5cb71747f2361a956f3a0f9ddd3cabec5ab58c242ee	cached
all_os/qt/qt6_6112_unix_line_endings_src/qt.qt6.6112.doc/6.11.2-0-202608131018qtxml-documentation.tar.xz.sha1	40	88584f2a28b66f6c36f6eb29bc4447e5325def0dd7a7e1cdeab2e67912287b5e	cached
all_os/qt/qt6_6112_unix_line_endings_src/qt.qt6.6112.doc.qtmultimedia/6.11.2-0-202608131018qtmultimedia-documentation.tar.xz	4814904	4ab0493a57bdd6393419eee47fa7e73c88b5a377f78d78a2578d35f992bd0051	cached
all_os/qt/qt6_6112_unix_line_endings_src/qt.qt6.6112.doc.qtmultimedia/6.11.2-0-202608131018qtmultimedia-documentation.tar.xz.sha1	40	3798d1093b9b0ff206c725298f47ad730eb83f8b63cd7210bfb6bbedeb274ecd	cached
all_os/qt/qt6_6112_unix_line_endings_src/qt.qt6.6112.doc.qtmultimedia/6.11.2-0-202608131018qtspatialaudio-documentation.tar.xz	476932	b73e2e9fd8002a3ad50a69868ce5c36f9d751993b260e80dcb1a556db8a0cd64	cached
all_os/qt/qt6_6112_unix_line_endings_src/qt.qt6.6112.doc.qtmultimedia/6.11.2-0-202608131018qtspatialaudio-documentation.tar.xz.sha1	40	5f97110609545ab489de2206763aff176694d93b63fb7bd3a9bd29b10b852eed	cached
all_os/qt/qt6_6112_unix_line_endings_src/qt.qt6.6112.doc.qtshadertools/6.11.2-0-202608131018qtshadertools-documentation.tar.xz	201680	7702c5fa48d2b5c98ca8dd2d58616e6b0e34b27bd2d3e4d4d955280ae815676c	cached
all_os/qt/qt6_6112_unix_line_endings_src/qt.qt6.6112.doc.qtshadertools/6.11.2-0-202608131018qtshadertools-documentation.tar.xz.sha1	40	e6ddeb80ae174a92e19ffb0f51e592834a5aa918bd7c46e0f044905dea574e2b	cached
all_os/qt/qt6_6112_unix_line_endings_src/qt.qt6.6112.examples/6.11.2-0-202608131018qtbase-examples-6.11.2.7z	4237953	d72883bee50958938444558037616cc5a7e2b4ddafef2043a8cc882df3c1cbf3	cached
all_os/qt/qt6_6112_unix_line_endings_src/qt.qt6.6112.examples/6.11.2-0-202608131018qtbase-examples-6.11.2.7z.sha1	40	1df2825d4de3920f4fded29ba7a25c5b6526d64316762cb6c287643e9f5157bc	cached
all_os/qt/qt6_6112_unix_line_endings_src/qt.qt6.6112.examples/6.11.2-0-202608131018qtdeclarative-examples-6.11.2.7z	12462767	d395e5bdf18f9df62f59e76af571ecf39d32576b8b03a1c86b047cf4c5b5a603	cached
all_os/qt/qt6_6112_unix_line_endings_src/qt.qt6.6112.examples/6.11.2-0-202608131018qtdeclarative-examples-6.11.2.7z.sha1	40	4c24fb31a8781df08076024ee3298d0962ed6026ac021551e17fb0098094d53b	cached
all_os/qt/qt6_6112_unix_line_endings_src/qt.qt6.6112.examples/6.11.2-0-202608131018qtdoc-examples-6.11.2.7z	43339872	ead19321e087387554ad44216d4b2b172b9750525a75c6ef78ebd518723b2de9	cached
all_os/qt/qt6_6112_unix_line_endings_src/qt.qt6.6112.examples/6.11.2-0-202608131018qtdoc-examples-6.11.2.7z.sha1	40	daafd4cbf55ad05422e0421755bf23a71064e7fac6533f0d3c8d092949174e61	cached
all_os/qt/qt6_6112_unix_line_endings_src/qt.qt6.6112.examples/6.11.2-0-202608131018qttools-examples-6.11.2.7z	719393	d610c6a26474964095363f898c914dc9544902b189324d341dd5089d83fe2039	cached
all_os/qt/qt6_6112_unix_line_endings_src/qt.qt6.6112.examples/6.11.2-0-202608131018qttools-examples-6.11.2.7z.sha1	40	1154795582d588e499c4c552d0ecf8320d2b14efbe87bfb9899fbc95c16c7b7c	cached
all_os/qt/qt6_6112_unix_line_endings_src/qt.qt6.6112.examples/6.11.2-0-202608131018qtsvg-examples-6.11.2.7z	612685	836278bb99e2e0086bfc5ded011efd54d7c775e55d39dbab0fdbb6d45d0f6a3f	cached
all_os/qt/qt6_6112_unix_line_endings_src/qt.qt6.6112.examples/6.11.2-0-202608131018qtsvg-examples-6.11.2.7z.sha1	40	705022d7e3f85b77b9c241570122b595872eb3d771a6f7e60d410daa88acef6f	cached
all_os/qt/qt6_6112_unix_line_endings_src/qt.qt6.6112.examples.qtmultimedia/6.11.2-0-202608131018qtmultimedia-examples-6.11.2.7z	1588125	3e3bec310cd0a663127b9fd347cb7b80f84c23e7838dbd813ed08cc26bbe505b	cached
all_os/qt/qt6_6112_unix_line_endings_src/qt.qt6.6112.examples.qtmultimedia/6.11.2-0-202608131018qtmultimedia-examples-6.11.2.7z.sha1	40	f072829bb2c0478ad7d68426703a536a7f4d3f7811ad67991a69b866b95506c6	cached
linux_x64/desktop/qt6_6112/qt6_6112/qt.qt6.6112.linux_gcc_64/6.11.2-0-202608131018qtbase-Linux-RHEL_9_6-GCC-Linux-RHEL_9_6-X86_64.7z	22831060	0f86f13b161141e77b1d056b54e2b6fc40fb16f243e71123346f9fb35d418027	cached
linux_x64/desktop/qt6_6112/qt6_6112/qt.qt6.6112.linux_gcc_64/6.11.2-0-202608131018qtbase-Linux-RHEL_9_6-GCC-Linux-RHEL_9_6-X86_64.7z.sha1	40	8c833fef98db797b9a666e2692633a2056581d9c9fb43e529cf55038b5dfe186	cached
linux_x64/desktop/qt6_6112/qt6_6112/qt.qt6.6112.linux_gcc_64/6.11.2-0-202608131018qtsvg-Linux-RHEL_9_6-GCC-Linux-RHEL_9_6-X86_64.7z	299236	939fe0e5d49d11d6d3eceea0184219703c25a1f8dc75f45e99071ca244824a0d	cached
linux_x64/desktop/qt6_6112/qt6_6112/qt.qt6.6112.linux_gcc_64/6.11.2-0-202608131018qtsvg-Linux-RHEL_9_6-GCC-Linux-RHEL_9_6-X86_64.7z.sha1	40	c0eb18ace2b013e1c45e58b847e87ba093bdeb2e52657539b647f6c15ec01767	cached
linux_x64/desktop/qt6_6112/qt6_6112/qt.qt6.6112.linux_gcc_64/6.11.2-0-202608131018qtdeclarative-Linux-RHEL_9_6-GCC-Linux-RHEL_9_6-X86_64.7z	129547741	5f0ce87c077f749723dbb6e923142adb860c146ecaf93c68197feda5307f22dd	cached
linux_x64/desktop/qt6_6112/qt6_6112/qt.qt6.6112.linux_gcc_64/6.11.2-0-202608131018qtdeclarative-Linux-RHEL_9_6-GCC-Linux-RHEL_9_6-X86_64.7z.sha1	40	5c60947b9151e3ead87a90d17cd22b31fbab4812119e1d6209763d9b8895e879	cached
linux_x64/desktop/qt6_6112/qt6_6112/qt.qt6.6112.linux_gcc_64/6.11.2-0-202608131018qtdoc-Linux-RHEL_9_6-GCC-Linux-RHEL_9_6-X86_64.7z	1884025	0f4cad1f99bdcbe8c12540fbc195be64b5010c83e184315bd19614905f114600	cached
linux_x64/desktop/qt6_6112/qt6_6112/qt.qt6.6112.linux_gcc_64/6.11.2-0-202608131018qtdoc-Linux-RHEL_9_6-GCC-Linux-RHEL_9_6-X86_64.7z.sha1	40	ee7064de567e61ff99693c37ceaf81062beb2580a603eeaa8545760c554d3fcb	cached
linux_x64/desktop/qt6_6112/qt6_6112/qt.qt6.6112.linux_gcc_64/6.11.2-0-202608131018qttools-Linux-RHEL_9_6-GCC-Linux-RHEL_9_6-X86_64.7z	28857069	42d5f3dbfc25647d9d95ef8b64401dc7e3ef7c83a39a29b548dfa0985f71c0ca	cached
linux_x64/desktop/qt6_6112/qt6_6112/qt.qt6.6112.linux_gcc_64/6.11.2-0-202608131018qttools-Linux-RHEL_9_6-GCC-Linux-RHEL_9_6-X86_64.7z.sha1	40	b2f6508bc536841788ca1fc85c28d5ff7d38be57d107e0c19661b05a661bb071	cached
linux_x64/desktop/qt6_6112/qt6_6112/qt.qt6.6112.linux_gcc_64/6.11.2-0-202608131018qttranslations-Linux-RHEL_9_6-GCC-Linux-RHEL_9_6-X86_64.7z	1941563	fcef8e3f3a76367523ed68cc2f6e46ff80cedd41b3a8d6ad464515d237c7777e	cached
linux_x64/desktop/qt6_6112/qt6_6112/qt.qt6.6112.linux_gcc_64/6.11.2-0-202608131018qttranslations-Linux-RHEL_9_6-GCC-Linux-RHEL_9_6-X86_64.7z.sha1	40	179125456a64d62cbadcf6cf812ce6cc7a6d9206059a6e352f7200dd93cc95d2	cached
linux_x64/desktop/qt6_6112/qt6_6112/qt.qt6.6112.linux_gcc_64/6.11.2-0-202608131018qtwayland-Linux-RHEL_9_6-GCC-Linux-RHEL_9_6-X86_64.7z	130112	7a541f8d36f93a1e337e6d3fc040537c04fc70a65a04b6078738dd0f59ddf83d	cached
linux_x64/desktop/qt6_6112/qt6_6112/qt.qt6.6112.linux_gcc_64/6.11.2-0-202608131018qtwayland-Linux-RHEL_9_6-GCC-Linux-RHEL_9_6-X86_64.7z.sha1	40	652a4685bc96c5da947382c2f3bbee1c190611476ab80092774fac9c5c49759d	cached
linux_x64/desktop/qt6_6112/qt6_6112/qt.qt6.6112.linux_gcc_64/6.11.2-0-202608131018icu-linux-Rhel8.6-x86_64.7z	9660659	111bdae30a66fff6ef65620e95766170fa5a6f425c360ea33b79cb2ec7e2fd86	cached
linux_x64/desktop/qt6_6112/qt6_6112/qt.qt6.6112.linux_gcc_64/6.11.2-0-202608131018icu-linux-Rhel8.6-x86_64.7z.sha1	40	0fb7685280bd8555f4bfd50dce729a27859fc517906b825c67868d9d35313861	cached
linux_x64/desktop/sdktool/qt.tools.qtcreator/20.0.2-0-202609221200qtcreator_sdktool.7z	1243692	3ceaa0ad99610b21acb33e6818dc51ed7b22a4530a2002d36c60bb24582079b4	cached
linux_x64/desktop/sdktool/qt.tools.qtcreator/20.0.2-0-202609221200qtcreator_sdktool.7z.sha1	40	92db16a07e35d203700af7506eb60ad76880455360a950cda90cf5fceea5a4b9	cached
@installer	81242039	40b76bdf74f6a396341efb70ae2e754fcd878474babb6cd9d7f07eff12a85c62	cached
