libdbus-1-3	1.16.2-2ubuntu4
libegl1	1.7.0-3
libfontconfig1	2.17.1-3ubuntu1
libgl1-mesa-dev	26.0.8-1ubuntu0.3
libgl1-mesa-dri	26.0.8-1ubuntu0.3
libpulse0	1:17.0+dfsg1-2ubuntu4
libva-drm2	2.23.0-1ubuntu1
libva-x11-2	2.23.0-1ubuntu1
libva2	2.23.0-1ubuntu1
libvdpau1	1.5-4
libxcb-cursor0	0.1.6-1
libxcb-icccm4	0.4.2-1build1
libxcb-image0	0.4.0-2build2
libxcb-keysyms1	0.4.1-1build1
libxcb-randr0	1.17.0-2ubuntu1
libxcb-render-util0	0.3.10-1build1
libxcb-shape0	1.17.0-2ubuntu1
libxcb-xkb1	1.17.0-2ubuntu1
libxkbcommon-x11-0	1.13.1-1
libxkbcommon0	1.13.1-1
ninja-build	1.13.2-1
xvfb	2:21.1.22-1ubuntu1.2
