component	locked
qt	yes
qt.license.acceptance	yes
qt.license.lgpl	yes
qt.license.thirdparty	yes
qt.qt6.6112	yes
qt.qt6.6112.addons	yes
qt.qt6.6112.addons.qtmultimedia	yes
qt.qt6.6112.addons.qtmultimedia.linux_gcc_64	yes
qt.qt6.6112.addons.qtshadertools	yes
qt.qt6.6112.addons.qtshadertools.linux_gcc_64	yes
qt.qt6.6112.doc	yes
qt.qt6.6112.doc.qtmultimedia	yes
qt.qt6.6112.doc.qtshadertools	yes
qt.qt6.6112.examples	yes
qt.qt6.6112.examples.qtmultimedia	yes
qt.qt6.6112.linux_gcc_64	yes
qt.tools	yes
qt.tools.qtcreator	yes
