sha256	bytes	path
8cb1bb8cfa9aeae13279b4da42ae8307ae6777456d4270f2e603c95aa08ca8ef	15907335	ffmpeg-ffmpeg-n7.1.2.tar.gz
edc29891b8ae44c6ca26a944bc711dfc6cbf152a61a48957b88dcc9437586fb8	119	git-tmp/.git/FETCH_HEAD
f6f2b945f6c411b02ba3da9c7ace88dcf71b6af65ba2e0d89aa82900042b5a10	23	git-tmp/.git/HEAD
cfe7ba1238c9a78be7535d7c63bcaf5a4d5011d46b07c9b45d3bbf7d6c312dfe	92	git-tmp/.git/config
85ab6c163d43a17ea9cf7788308bca1466f1b0a8d1cc92e26e9bf63da4062aee	73	git-tmp/.git/description
0223497a0b8b033aa58a3a521b8629869386cf7ab0e2f101963d328aa62193f7	478	git-tmp/.git/hooks/applypatch-msg.sample
efc1401b0e99d1ff51494d154d98b46c1e99059bcd8bf9f73cecde19fd3eb23b	1972	git-tmp/.git/hooks/commit-msg.sample
9159720099ad5595b8e66645cbfd47763c1e920f46e0b50ae75e642bbec57ef0	4611	git-tmp/.git/hooks/fsmonitor-watchman.sample
81765af2daef323061dcbc5e61fc16481cb74b3bac9ad8a174b186523586f6c5	189	git-tmp/.git/hooks/post-update.sample
e15c5b469ea3e0a695bea6f2c82bcf8e62821074939ddd85b77e0007ff165475	424	git-tmp/.git/hooks/pre-applypatch.sample
57185b7b9f05239d7ab52db045f5b89eb31348d7b2177eab214f5eb872e1971b	1649	git-tmp/.git/hooks/pre-commit.sample
d3825a70337940ebbd0a5c072984e13245920cdf8898bd225c8d27a6dfc9cb53	416	git-tmp/.git/hooks/pre-merge-commit.sample
ecce9c7e04d3f5dd9d8ada81753dd1d549a9634b26770042b58dda00217d086a	1374	git-tmp/.git/hooks/pre-push.sample
4febce867790052338076f4e66cc47efb14879d18097d1d61c8261859eaaa7b3	4898	git-tmp/.git/hooks/pre-rebase.sample
a4c3d2b9c7bb3fd8d1441c31bd4ee71a595d66b44fcf49ddb310252320169989	544	git-tmp/.git/hooks/pre-receive.sample
e9ddcaa4189fddd25ed97fc8c789eca7b6ca16390b2392ae3276f0c8e1aa4619	1492	git-tmp/.git/hooks/prepare-commit-msg.sample
a53d0741798b287c6dd7afa64aee473f305e65d3f49463bb9d7408ec3b12bf5f	2783	git-tmp/.git/hooks/push-to-checkout.sample
44ebfc923dc5466bc009602f0ecf067b9c65459abfe8868ddc49b78e6ced7a92	2308	git-tmp/.git/hooks/sendemail-validate.sample
8d5f2fa83e103cf08b57eaa67521df9194f45cbdbcb37da52ad586097a14d106	3650	git-tmp/.git/hooks/update.sample
6671fe83b7a07c8932ee89164d1f2793b2318058eb8b98dc5c06ee0a5a3b0ec1	240	git-tmp/.git/info/exclude
72e9222ad244bd3390f04b4f670081d3b79376041612171861a429364321f92d	3262	git-tmp/.git/objects/00/6202b74257b495e970c1f2f635fa7a6f988b3c
78970a72f96cf9e9246d06089a278beff9cdfd35fabd45e733ed23142c2eb6d0	3601	git-tmp/.git/objects/01/02ed733549120d6fdac6dc1297e313f74caa46
74e441b27c4dc79ad9273e93c46d05c9ce3008bd1282dd295c0b8512abf296bc	1831	git-tmp/.git/objects/04/8f97ee92eb83d11b1c7b718fa7a2ffcbd73229
7e2ff2d528b8ddf3e765a04bc2ea81e4eadb9270016be67b80c9e78decbc7a42	508	git-tmp/.git/objects/0b/8020200b39b9fcacf58ac0f251311d36838b50
822b86d0db39d2a959ba47cc957979bdfa97010ba1d6714ba4bb331abf35af41	1508	git-tmp/.git/objects/10/02d12840a800ef71ac3c22ab7afd8087875c4c
396428c7bfeb1a5fc5ddb4a7a40d0b38906f31150db757391a99cce856b2dd76	786	git-tmp/.git/objects/11/faef07d907b11b772ead06280cebfa1be17b9d
6f46fa9f3c809752f4b6c57b84124f0b52d3ca33749f79dc4134bba7b081bbcd	11918	git-tmp/.git/objects/12/acb86a86a4bca9340230fcefeaa05027490af8
1da31b5af5116a666da702d1b8e61cc7549c785482b8b9503900ff9500d60c85	5183	git-tmp/.git/objects/14/1ad0fa6dffec35db4f75d61243b3b13ead5974
a9631d68bbfd00c2aa667af5a3ab40becd172e793f5e07e6b5692e70a6128080	1931	git-tmp/.git/objects/14/492d9798beffff0243b287fbd3092e01e75006
8746b51f7112b4eb8bf18e3211b419704cf06f7a37f7699c69d917d64ba79552	1434	git-tmp/.git/objects/15/7285ef07c5a11536e4b0e82dfc635b3437fc1a
1e249a7561a8e0c085d62cb68fd04952ea4d5138d23bd34698cb082b86775f85	2530	git-tmp/.git/objects/19/2b3c6bb77e9b074cfa7203be6708bb458870ee
4441e7cf6499d3f7090cd1010ab0186d163439a58e84f6ab02951578e31793fe	4493	git-tmp/.git/objects/1f/a641bbccf20259fa07999103eb2692e6a98db7
e7dd24b0739f6f2b906cc99911900cb3f375a33c08ba5669e7241658845e56aa	140	git-tmp/.git/objects/23/3fbba8f55ea906a0282a6bf821cc227e995774
1d18e029816f33c40e1a6e418d45501a5826cc8a3a67c022d3f6f48be310064c	92	git-tmp/.git/objects/23/70af16a14d94fe999e6e55de7ec39d57b169ee
153b547a67a4d94533dd14521a95f7662538b8be654d8232de8137ee241a1800	1824	git-tmp/.git/objects/25/72039c61dd5d501f29e569d7a5050349fa6112
d40d7b7e4d3101e744bb543875f522e27cd06fc425d32918e5aac274164b89a1	985	git-tmp/.git/objects/26/1a58def5803ca455d75fb68451b1aa19a67a61
355887dc3205912f4769417e58c88bec42d927ad7843d5938ba2e04cd2ccec7b	1810	git-tmp/.git/objects/29/3710ae9c1107120895cc9c68d111fbd7c4e989
e78c0e494804023a5205ede0ec804958f5d468e1e5558953062461082648ff7b	3660	git-tmp/.git/objects/2a/d80606bd9020f48373592b1219adc02ef336eb
6c92f7c7e7702dd39896dc623f1162207bf900014f4682d793da23dabf0f0f2e	4366	git-tmp/.git/objects/2e/38682ca4df249ff772b49ec97957a64af8a36e
236a7c99e324d3d952626ff2e32291744770ca14adda59563a8e45f678c94c8b	947	git-tmp/.git/objects/31/a3c706190e5a8696a3dce01b4211c0b4b9324e
efcf73dde28eb42bb13461998543d0b20f5992888b38f087ef06bb1080947d55	261	git-tmp/.git/objects/32/68efc66abd1f091542df869318865b7a8d79bb
0605f4f2125c57044a53efc55caf08d6bbb5ca729cf0c3819c50eba82e167355	766	git-tmp/.git/objects/34/9a45cfdbf97f099d1f00ac73202ceeeb74c051
d0220b5ac047a35879c9a95bfc588b55c857240e1945a156c7407941be0df07a	3547	git-tmp/.git/objects/34/dedca2c455166578a0b92b714da83260825b90
04e91164855e83b9c0ca24049f00b6c0167de3022ed5579be417f3bcc2a96dd7	1847	git-tmp/.git/objects/36/50ec46dffd51b873ba8f7fe8570acb203aa079
e829669eb8db7babb2741b57bf5a60eb669a78c035930989253087baa0099443	3547	git-tmp/.git/objects/37/0ca710e0f4b5a2f130fe919ab7a87b9ddcb47b
092f8ffa657fd83408f78d4a69bf5320f1a50de1bcf5526f254b2ebbf3005f61	3550	git-tmp/.git/objects/38/0d7a8cd31eab8a27a697d678443f966a324f05
827a90e0c8531055c65f8f13cde7eff1d276e0b16de91b3861362b1858db352a	793	git-tmp/.git/objects/3e/14e4722b1541c7c74aa96482f054f7bfc26dee
ba54dea7d00d4448ea5371d0ff7d1bb91b6e754bf1ca68b54c67decb3834aff8	209	git-tmp/.git/objects/45/3669bf6c35359e3fe2392f4d275fea41c0d140
ab918a6d8e652432054d25bb23a239fa4e7d72b0be398ee5f97bf32737c3d5e4	817	git-tmp/.git/objects/45/cbe08a47094f680567050d72ca8aa3cc59716b
a7bdf4708bdf260b87903b1ff8a1c05f44f711ef925b3007882bfd8da3a8e6f1	1071	git-tmp/.git/objects/45/d5f72100d88c52acdd54bfedcc0315a44c735d
bcdb975b0a9da3d24ec3ee51dcdacbe891c74b008590990bd14b42e0b07f8f03	618	git-tmp/.git/objects/47/fed12276209acc95056a71e93db8e6e85d78b1
10762688663ff569259f33fc7bd325149b28b901c6e356aacff8d58745dce646	3629	git-tmp/.git/objects/49/32b21afa433cec0f128356dd5e0d85702465ea
7c54dcb799666accfb5765fb5dea6bbe7fd34826fc7e703d1018880b9ec1f22d	3885	git-tmp/.git/objects/4b/5b1fd6093cc5dac381908dd813f7a150dd7e45
9ae80b27d38ec32750c8da938979d07bcea3088d554c87fe69fa387aa65fe3be	479	git-tmp/.git/objects/4e/6ff500019ad0dc2e7c62a705d46ba1f6b1278d
0a06f2326ac9ac5bdbac3890028dfa15713bbfa3452329fdab5a5e68c672b2f7	431	git-tmp/.git/objects/4e/86ce1ab93e025dafcb683e3ed67519f570d3f9
35afc49bc6296614f871c335b31d1af2aa0448d7c97aae4c57420920a3afe51b	476	git-tmp/.git/objects/54/deaa032966ed801cd4caeb72194b732a93f1ae
12beabd1179f74ea769b26f25cb5be1495c5bd78e178e0fab97f24e0cb4da5f3	8511	git-tmp/.git/objects/57/70e25d67f16379a8a2942b4f8efc2776defdf0
185bc3b46007710ddc144618d010c77b5e9958f42a4016d5cad3b14b1d03408f	5633	git-tmp/.git/objects/60/4e1493df92e4e2d3e22317cda63f64ecfe8e05
6f344da38aa0d59e4e6f8f6721317aab6995bff0c4fc24dc089cce093e1bc05a	661	git-tmp/.git/objects/62/ec9f29436d4ac46a531b1db7435ff801d973ee
6c4a63ea2b3f6159bdc2207ea59cc7584674d9a4eac04ae04a620771d3c0eeaa	1335	git-tmp/.git/objects/64/974730985768398df2995f2ab739abf3cd3848
8386a5105d5c41802beef8e91aeeb59e72195255eca86d675629231cf38609af	182	git-tmp/.git/objects/66/7959e3cfd3aa3f56195c0090f2d8ecce4fdbc1
0c309724a600a5cffa88f1a7f775f50bd66af8bf150f048907513a885ae9fd4d	4839	git-tmp/.git/objects/69/bd83b78713f04c716f0bc1a726c69f2736216d
51cef234fa1b6ae4af153f3f65846643a5d4f037d30b6ec680f37c16d5eb0eef	2089	git-tmp/.git/objects/6b/58a06db165bce84e9939859307cc24c877331f
76ca822dbb0c17c4c81915462a2b52312556b664d6a7dd4cf410c7e5f35f229d	1404	git-tmp/.git/objects/73/a972bcc659acb6627dbaaeaab1b0b265d955b8
2f4aafad0558a1f3df612b15636205283d1680ce652c7cb652183cf87e0077c0	6200	git-tmp/.git/objects/79/646168f0b40b5f10333794136851fa3224f635
06575b5306ab98faf1d1d37656f771ab051af447fb4ed52ad8d11c40e6138492	246	git-tmp/.git/objects/7a/2a35ee8006c48f5da48db7c1b1a5de6f5515a3
14d999df4752c5fbd3dbd6c1e3745fff4b73a49a10a0f736619350bc4a09c71f	6583	git-tmp/.git/objects/7d/1c323beae76333f523f6df31c47a87f5597edb
1184810d87cbd2b4df38d037bb7ea7981f1b04b719e89bdb647a51fde53a15a5	23517	git-tmp/.git/objects/7d/ff082d1130b8c265cf4ba102414a6c0b84068a
5c297181324791d9308a4b943ed1d5ae2b8a9b3fec314a5e3b73f17f6ac88d9e	6884	git-tmp/.git/objects/7e/efe1fd6471a94744b2b7e84ca771e52d54c204
8de6f900362bd8e15e4bb69f17d805fc51fefe5b14dd7e3348ccb49794b1a189	100	git-tmp/.git/objects/84/2def338c7393c4f0cd968e8b95aa8411575694
6f269abfa10c6f34beab8fa617422c32652e2c29105e717b7e5cb92b7d43aa15	3478	git-tmp/.git/objects/8e/e6974d8e0bca56452b12e0ad6d4efca9b6f906
3f47b5248258c0d03151eb90eedc3ac02dcf73df55aa709b93cb86681f593e7f	1314	git-tmp/.git/objects/90/0e417774d8402e55e63a26829dc9bb31a146a9
3912b05766efcec9fd2ca805f741874a4ec101650e070ea940efa1a8bdb7e65a	2719	git-tmp/.git/objects/93/92c053074180511ceb04e4b1a677bcfd754769
57580f9b96ccaa7474c2c54881df1d780065894dcbd4f6f90494d9177262099e	14228	git-tmp/.git/objects/94/a9ed024d3859793618152ea559a168bbcbb5e2
e53edcc64c2563598edb50b08111a704f2ee9580a002263e764ece4839d0af9f	51	git-tmp/.git/objects/98/54ff88a59ca769f04d7add2beadb13d238ca54
7647f02af576b070b2b9b1f6673ebe0b95dee5ccf84abb22815849f2cff4b77c	99	git-tmp/.git/objects/9a/e414e576efc30842b3eaa3af453072455796b1
b0da9a6dbd29d8af61ca2b2cade4b3de2fe55b8bb4b147782276e1ea340b3366	572	git-tmp/.git/objects/9d/c358a74d63b64d1cedc19c26c4c8739559a7f7
5500e5cbb85d3833ff4376c5e5070d138eafd7d8d137453aa4d669cd26e3073e	1980	git-tmp/.git/objects/9e/261146daccac58b2f37430ae0f4ecb3a2de2b3
5e7479f1bd5316ab12d093b744a8fe8d4af5468faf8d9ea2d4b6967cb37a1254	3358	git-tmp/.git/objects/a1/206902919de87ff1a2a7645ed09c2c27c1dad5
41194bf38a201433e4f28b75f33c0509eab900faa3b72734c786b4ef796d440a	7597	git-tmp/.git/objects/a7/844c6041510b032e1cf2784c4517647b4b2397
8474a7e72df0eb344b2c6bf81e7c175fc2b642cc3b49d6caa50c2158d531ea35	2336	git-tmp/.git/objects/a8/efc474bda12888d0b8abe8ffe7fcb35690cd39
b489203660ffa2f8dc4572fae867af78f3a4c7e52796b13bd9ea27c0c964d5cb	1770	git-tmp/.git/objects/a9/09f6357e2165f5654b2b1c9fa50f22258a694a
d9862783f59168abf63d2df6a329a55474ce64b2ef7cb12cbc03e7f73e0fa3e0	1191	git-tmp/.git/objects/a9/bc65602d03d04fd09aa0ef912bc0e24357c789
33548db2a36d2728336ed5106dee559d52daade7012ebb766884deab1cf1db8a	507	git-tmp/.git/objects/af/fe1ba2e684de0a4fc34deb9a4b8f4fe6f2dc81
049f2aadcf4e123a0cdfd60c9e1ad98a9cd60c4ccfbbd79ea5c6cb47dd1cbb18	1568	git-tmp/.git/objects/b2/99b8c98b74678f7531601f57b09a23781dea75
803bce2f5eb98b733bfc88c5687761ed8b9edb434d35a3caecdc5900bf5f1c81	273	git-tmp/.git/objects/b6/63be9081663c6ce2f37df215b3c3718e708835
2a5216997a3bd9a0ef1dc9f3126e30a21ed37cbab250f1daf329f321bbc49703	6022	git-tmp/.git/objects/b8/ba29acb3d203ef60d49b11add6a664fd25bd73
fe016a9d9ef2863a6d7e49dcda73876d7d977cf25cbe527cdf2ce9a6cb1e6d1d	861	git-tmp/.git/objects/ba/2f4a9a094b73f570576acc2ebadda054f19faf
acb48a75260f88074d9fc0e9546d46f9ded00bcf24aa97152ed408ca86592263	303	git-tmp/.git/objects/ba/afd17b4d2bce82586e505c0f113fe67cc6c3fc
f9c126716e52eee058fc78d166d6a42f28842c6a89a29770211fa76daf60af4e	124	git-tmp/.git/objects/bf/2eca88c241af07f4abf439cc3ac1fc3e534bd6
0910f87df27542f1da11116110a6a1c183204284a5d0b137a1c277e8b7f51608	621	git-tmp/.git/objects/c0/93bf1d2884985a48a922a2c0eebcd99fb6e395
78278e538f9c093d020cf8117649c82739d5fb778db6eb305c2bf1b761ccc1ff	7890	git-tmp/.git/objects/c1/3b8ee599b979c08433ab508afde8a7ad636c60
836c858994dc279d9be29003e8baff4412ca16bd22a54a1d178ca680054b2ad6	12947	git-tmp/.git/objects/c2/7b5d6f9812135a3b93d3ea48ec0ac6334b1a98
db779ba592dbc2ea6e7273b0933b44e6159e0eebe9d5945b09cd2b3bcd95f9e1	58	git-tmp/.git/objects/c4/6d79ea3aa152627dd80a809cedc53781f80818
25a2e01626ea02f4fb2481d81df514933bf490234ecf56803a17e62de3a95d94	1541	git-tmp/.git/objects/c9/96e8f0801eb71c1f988d310c26db2b7652fc63
02461aad98500dc95621ec3d4cf88eaaef99a56c03e4235e92294625af83ad22	1290	git-tmp/.git/objects/cb/4ea607dd5bac7eb75fe5d7caf95b6c49a863a8
4ef546eb4bb4b92e52084d83a4420433eab45363b2c40db3a2ffe4405a425a04	155	git-tmp/.git/objects/ce/aff4e2c4f1ed1210866acfe1255c35039a780b
29f0ab6739c909af19f225b1ca0b02d3b627bbe0dcb801cf5d4fa5d15390f1d4	116	git-tmp/.git/objects/d3/12c7a1eeee882bfc8f56bf2dd18e864f9f0ea0
645886f2f8673ef1f51d19dc2bc4ad2523c40f4c0d03eeb5f3beddbd53f4be45	82	git-tmp/.git/objects/db/8ad54b702ad8bf045faaa76ccb8955c7532d6e
9b98ba84e3996e29fe4f0b5e2d9442fb29ed8abf57c137d9471a31aec4dbdb24	8276	git-tmp/.git/objects/db/c55cda021c8332e1ddd6c4452f41cc07923ceb
b32c18e25ece2164e80f0b722178dd9e93153a3bcb0cc26af4a6053a83df2b08	1925	git-tmp/.git/objects/dd/e1321881cad8743e6da0b61fd8b5cf4c2d15df
038821fc91c0850b450bddb062ec2422c117771771233401ae051b32b74c643a	218	git-tmp/.git/objects/e7/ef1f7fb00b67a5feb0d10985bd12b5a3dd8801
d83b372865530f421e32edaf1514b82a3eee328c17987ca010f3612086585953	996	git-tmp/.git/objects/ea/dad7e8037411655190131178bcf81944df0837
ae5ccc639e3b8ecfd366bfdf148331ba90552316e51da516dad4d8df075d58a7	52	git-tmp/.git/objects/eb/ae20795f6df8fe7fd8c8f241ad00d188398735
8f7dd45817e3ab522766d25ae0d7e03e3877c551e5f4a7531ae5e07029b8e601	1061	git-tmp/.git/objects/ec/1eaf26f103b13e51411c9b442f706c843f807f
660894a57c7b7ba1d5eb92c32958f91d6d7d21bde5ef5aea28e530a8fb2f1c51	51	git-tmp/.git/objects/ef/092c9685a230d0b02b04d165cb472028e1347e
f8efd9efb26911c5afcb09ba6d7e0bacdc5b82a8c185cd503c3633fe9b09e3fd	759	git-tmp/.git/objects/ef/535cde012794a114f940662112dd8d9a1dd91c
13ce83886ae982e73a527c813acd7be431a4816decd68ac51662b93b9f6c3eb4	2013	git-tmp/.git/objects/f1/a6079dd0f0f0b70ac4c8894c53f600a62c0c98
d079b2fcd07ae719e8ba587bbe32fb3052cba9d215186e1b5dbae05689a2ade9	483	git-tmp/.git/objects/f3/44dc0309be0eb5126545f52e98ee5f087a33b8
9a007ae06915d2913cc1d979ff3f9187d88dd183dbb21b35832d4d1cdffd7f03	3665	git-tmp/.git/objects/f4/15fa7b1b5edeb1139e416f8c010171e014c90d
c49ce1d2ca2b19728c33285f0fb793f01c9c639a31bb42980a2fc3d1acb22bd6	222	git-tmp/.git/objects/fc/5f2320ec6997fc1c8de86230afe9bbdbfa6949
d285877781b3312928a8215106c798fa0cf18e0405d3d6a2651c8017447be0f8	41	git-tmp/.git/shallow
2515594a354994ce6ca2685719eacfd4d639e31520d2271602663afe05c833a5	169431	hikari-ffms2-45d5f72100d88c52acdd54bfedcc0315a44c735d.tar.gz
71675964eedc00c1493e6d833ca41ffed6a79e9b33199928cd2b807ec9451cf3	5578	hikari-indexing_additional-20d647c4.cpp
b99a0b86c0ba9360ec7e78c4f1e43b1cbdf1e6936c8fa0f6835c0cd694a495a1	1566911	madler-zlib-v1.3.2.tar.gz
12ca5979a3a625c8944e093c17c32c4c2bd03a48c8877354d88a7077860ef740	4925665	meson-1.9.0.tar.gz
90bb12369d296f2e0bea14832b421c4ba40d442e1519758e6e1e7855afab3149	252030	pkgconf-pkgconf-pkgconf-3.0.3.tar.gz
