sha256	path
50d2358db868b248e7c286113ebcd2f5e7e1ea9e74102e1595b0f4242f61093c	linux-ci/build.cmake
b4b63658a7e4b1e0be1bf5c330f65ffaf3566d380ed824ada2bedf503d934171	linux-ci/collect.cmake
1d242e16569c279f2b8f1eb4c688c08cbf4683e5d11104a228f9368d3a232ae8	linux-ci/common.cmake
4cc0e037a4ccabbd30e50ddec0c28321b1cbd81799978abf8411db67ecbd5df3	linux-ci/provision.cmake
60b6e2bf7076418875676305c2c7b86b92e5ed4fb59409236122b9d2df636b1a	linux-ci/CMakeLists.txt
57b190e461f6acd0e27506bba45f207b058cbe8c98629c2cb04f98a86bbd212e	linux-ci/CMakePresets.json
0fb15a444b6dd020c75f74d6c4c570564449ef7a81711c6a28b207d2701b6143	CMakeLists.txt
c22b1ed2148a9a81bf8ceb84ca6d7a570c93be182a534a87590cc8890f7b51b5	CMakePresets.json
46293c5ac6657178312b517f8cc1dc0a88d4f1e346b1c8489d582ed8766df78a	probe.cpp
db5ad73bf0ad8059bc03ed3ea25348e7b5de918955823e7669512fe368dd5f77	vcpkg.json
c3e253e9c32db34acbbda6cbe22ba6908a258188fe1ca06efa2fbab91952bc60	vcpkg-configuration.json
7a6c3517f46642b96b6f27c9c311df9b2c4e565e905a2c249ac77e893652fbef	ports/hikari-ffms2/CMakeLists.txt
4fc548651fba150182f20069de5d50d418b8fc16c7b68c13e88b447330d487dc	ports/hikari-ffms2/HikariFFMS2Config.cmake.in
16235c62a635b5848b87c217c88f0485696ebeeb291a8d6bcf09b5e9e6983395	ports/hikari-ffms2/portfile.cmake
3f45163aa5db90363fffdbb1d344109a7709563acb07dd11c4b94427f3c687e8	ports/hikari-ffms2/source-sha256.json
fcaba9cde2b23c3a27b99e1122ed39fd32ff80b91efaace7406440fac4770227	ports/hikari-ffms2/vcpkg.json
f72b7e6dbaa6f4c65119cce188f17990a2684b39154a40ca4db93ee997218d73	triplets/x64-hikari-linux-release.cmake
54e6cbf8e867f4841a09875f7a2e19b71070507b1501ff754660990a6ede9da9	triplets/x64-hikari-windows-release.cmake
