elapsed_seconds	received_bytes	scratch_bytes	free_bytes
0	0	6721	97998872576
2	111867416	54397330	97944354816
4	111867534	54397363	97944354816
6	111867534	54397416	97944354816
8	126051677	78611509	97881325568
11	126051795	90723864	97849569280
13	126063569	90723919	97841098752
15	143722244	99294241	97840848896
17	143813732	99367129	97840697344
19	143849580	101317841	97838178304
21	154687054	115795815	97819934720
23	154687054	118864200	97815965696
26	154690928	125016607	97809793024
28	154690994	125938382	97808756736
30	181676855	139811569	97794867200
32	188095171	225619121	97686188032
34	188095171	225700142	97686106112
37	188095289	225789212	97686020096
39	188099045	225849690	97685962752
41	188099163	228607731	97682694144
43	188102919	231006421	97680244736
45	188102985	233741944	97677471744
48	188103103	235987510	97675005952
50	188108099	239048813	97671729152
52	188108217	241690913	97669091328
54	188113960	243435044	97667104768
56	188118830	246823229	97663672320
59	188119072	249108696	97661259776
61	188138287	249274613	97661194240
63	188139217	252332451	97658093568
65	188140787	254376698	97655971840
68	188154881	256591825	97653329920
70	188160587	259960124	97649692672
72	188160587	262709283	97646878720
74	188164527	265567761	97643835392
76	188164527	268649471	97640640512
79	188179076	271589886	97637654528
81	188182950	274046471	97634938880
83	188182950	325138691	97583620096
85	188186706	326660097	97582071808
87	188186706	327664381	97580519424
90	188186890	328943493	97579806720
92	188190646	330360111	97578340352
94	188190882	331541670	97576562688
96	188190882	332796957	97575542784
98	188194638	335333894	97573199872
101	188194638	337047966	97571446784
103	188194638	338615282	97569820672
105	188198578	341244155	97567035392
107	188198578	344374609	97563578368
109	188203668	346843765	97560915968
112	188203786	347643914	97560354816
114	188203786	348746714	97559277568
116	188213511	349813377	97558163456
118	188213511	350663678	97557168128
120	188214338	354732082	97553133568
123	188218408	356294304	97551400960
125	188219218	358328407	97549426688
127	188222974	359174435	97548537856
129	188223666	361601931	97546002432
132	188223666	363154666	97544413184
134	188227422	365151598	97542365184
136	188227422	366959915	97540481024
138	188227618	367504710	97539780608
140	188232210	368962924	97538314240
143	188232902	371081111	97536204800
145	188232902	373726801	97533288448
147	188236658	375234490	97531904000
149	188236658	376164864	97530769408
151	188240414	378339809	97528520704
154	188254738	378753852	97528328192
156	188254738	379405938	97527672832
158	188258494	380909114	97526112256
160	188258494	381207451	97525800960
162	188258494	381207487	97525800960
165	188262250	384804896	97522200576
167	188262250	386973722	97520017408
169	188294966	387637907	97519349760
171	188296246	389299227	97517641728
174	188296246	391155123	97515642880
176	188305971	393096066	97513762816
178	188305971	394693110	97511809024
180	188306057	396451207	97510301696
182	188309931	397698370	97509007360
185	188310285	399532622	97507049472
187	188310285	401878576	97504436224
189	188314041	403262855	97503072256
191	188314041	404672617	97501622272
194	188317797	406225190	97499750400
196	188317797	408272452	97498066944
198	188317915	409864477	97496051712
200	188322025	411587276	97494429696
202	188322025	414009734	97491935232
205	188322025	415977543	97490096128
207	188325781	417430682	97488318464
209	188325781	420273988	97485647872
211	188329537	422427568	97483411456
213	188329851	424147438	97481510912
216	188330687	425386889	97479032832
218	188335135	428564659	97476800512
220	188335135	430251586	97475330048
222	188335135	431915904	97473597440
225	188338891	433672721	97471799296
227	188338977	434531600	97470910464
229	188339173	435406593	97470013440
231	188344287	436549438	97468739584
233	188344979	439039825	97466077184
236	188355396	440911461	97464344576
238	188355396	443164583	97462001664
240	188355396	445207821	97459879936
242	188359270	446819108	97458249728
244	188359270	448121274	97456902144
247	188359270	449617320	97454931968
249	188363026	451164288	97453772800
251	188363026	451947417	97452969984
253	188366782	452538724	97452363776
256	188366782	454494314	97450389504
258	188381095	454494350	97450389504
260	188384969	456839752	97448022016
262	188384969	456839788	97448022016
264	188384969	458209289	97446637568
267	188388725	459181269	97445367808
269	188388811	459459852	97445363712
271	188388811	461833765	97442979840
273	188392685	462242142	97442213888
275	188392685	463423237	97441353728
278	188396441	465912154	97438560256
280	188396441	467885432	97436807168
282	188396441	469701701	97434824704
284	188400197	470078350	97434267648
287	188400283	470128482	97434214400
289	188400401	470231164	97434087424
291	188406037	470698941	97433583616
293	188406037	471174657	97433096192
295	188415762	471174693	97433096192
298	188415762	471303181	97432956928
300	188415762	471370396	97432883200
302	188419636	471451442	97432784896
304	188434270	471559296	97432616960
306	188434270	473846216	97430245376
309	188438026	474540939	97429233664
311	188438026	474880329	97428963328
313	188438026	475446389	97428320256
315	188441782	477491366	97426243584
317	188441978	477523094	97426169856
320	188445852	477555698	97426169856
322	188445970	477555734	97426169856
324	188446662	477555770	97426169856
326	188450418	477684768	97426034688
328	188450418	477684804	97426034688
331	188450418	477684840	97426034688
333	188455104	477684876	97426034688
335	188455104	477797006	97425915904
337	188455104	477797042	97425915904
339	188458860	477895856	97425805312
342	188458860	477924388	97425764352
344	188462616	477943982	97425731584
346	188462616	478379034	97425281024
348	188477113	480766880	97422581760
350	188482031	481803728	97421639680
353	188482031	482725001	97420677120
355	188487578	483111855	97420271616
357	188491842	485633588	97417728000
359	188492275	486002442	97417351168
362	188496031	486157614	97417170944
364	188496267	486623344	97416613888
366	188496985	487160818	97415626752
368	188500741	488916201	97413967872
370	188500741	489969379	97412894720
373	188500741	490138723	97412710400
375	188504497	491202222	97411538944
377	188504497	646079053	97256636416
379	188504733	651865787	97250848768
381	188508607	651865823	97250848768
384	188508607	651865859	97250848768
386	188512363	651865895	97250848768
388	188512363	651865931	97250848768
390	188512363	705944859	97042526208
392	188516315	872780284	97029365760
394	191804666	878900141	97022205952
397	192257859	882390430	97017430016
399	192262307	882693910	97017135104
401	192262307	975001758	96993243136
