resource,source_location,proposed_owner,coverage,disposition,source
"Main/audio option files","E/Config/Config.txt; E/Config/AudioConfig.txt","Application profile and Shared Workspace candidates","All207 options.csv rows; 34/173 ordinal partition","Review mapped/raw/unresolved/excluded rows; retain source bytes; do not invoke rewriting loaders.","https://github.com/altqx/hikari/blob/20d647c4c769ab7f5d383cf3c1c33f03876a94e9/HikariSub/config.cpp#L249 ; https://github.com/altqx/hikari/blob/20d647c4c769ab7f5d383cf3c1c33f03876a94e9/HikariSub/config.cpp#L538"
"Main/audio shortcut files","E/Config/Hotkeys.txt; E/Config/AudioHotkeys.txt","Action registry binding preferences","243 static operations plus dynamic and unknown records","Preserve scope, aliases, binding text and order; resolve conflicts without silently assigning a new winner.","https://github.com/altqx/hikari/blob/20d647c4c769ab7f5d383cf3c1c33f03876a94e9/HikariSub/Hotkeys.cpp#L237"
"Misspell rules","E/Config/Rules.txt","Authored rule collection","Descriptions, regex, replacement, enabled positions and option masks","Preserve form feeds, backreferences, ordering and unknown bits; no automatic regex rewrite or execution.","https://github.com/altqx/hikari/blob/20d647c4c769ab7f5d383cf3c1c33f03876a94e9/HikariSub/MisspellReplacer.cpp#L258 ; https://github.com/altqx/hikari/blob/20d647c4c769ab7f5d383cf3c1c33f03876a94e9/HikariSub/MisspellReplacer.cpp#L701"
"Personal dictionary","E/Dictionary/UserDic.udic","Authored spelling collection","Newline-separated personal words","Preserve Unicode words/order/source bytes; not the counted bundled Hunspell .dic grammar.","https://github.com/altqx/hikari/blob/20d647c4c769ab7f5d383cf3c1c33f03876a94e9/HikariSub/SpellChecker.cpp#L49"
"Style catalogs","E/Catalog/*.sty","Authored Style catalogs","ASS Style records","Direct legacy reader; keep catalog and Style identifiers; not a theme and not flattened into settings.","https://github.com/altqx/hikari/blob/20d647c4c769ab7f5d383cf3c1c33f03876a94e9/HikariSub/config.cpp#L658 ; https://github.com/altqx/hikari/blob/20d647c4c769ab7f5d383cf3c1c33f03876a94e9/HikariSub/styles.cpp#L249"
"Font catalogs","E/Config/FontCatalogs.txt; explicit import paths; FontCatalogsAutosaveN.txt","Authored font catalog collection","Named family lists and safety copies","Direct reader; keep unavailable families; names do not identify font bytes/faces.","https://github.com/altqx/hikari/blob/20d647c4c769ab7f5d383cf3c1c33f03876a94e9/HikariSub/FontCatalogList.cpp#L567 ; https://github.com/altqx/hikari/blob/20d647c4c769ab7f5d383cf3c1c33f03876a94e9/HikariSub/FontCatalogList.cpp#L203"
"Sessions","E/Config/LastSession.txt; explicit .kls files","Session reader and recovery flow","Document/resource/view records","Direct read, retained input; not importer-owned authored subtitle content and no automatic opening here.","https://github.com/altqx/hikari/blob/20d647c4c769ab7f5d383cf3c1c33f03876a94e9/HikariSub/Notebook.cpp#L1323"
"Autosave documents","Legacy autosave paths discovered by existing reader","Recovery flow","Subtitle document copies","Keep files and provenance; do not invent a separate old autosave index or restore over originals.","https://github.com/altqx/hikari/blob/20d647c4c769ab7f5d383cf3c1c33f03876a94e9/HikariSub/SubsGridBase.cpp#L1636 ; https://github.com/altqx/hikari/blob/20d647c4c769ab7f5d383cf3c1c33f03876a94e9/HikariSub/AutoSaveOpen.cpp#L137"
"Themes","Legacy theme files plus PROGRAM_THEME and139 COLOR entries","Historical evidence only","Explicitly excluded","No legacy-theme import. Does not exclude ASS Style colors, color-picker history or font-size preferences.","https://github.com/altqx/hikari/blob/20d647c4c769ab7f5d383cf3c1c33f03876a94e9/HikariSub/config.cpp#L920"
"Automation script references","Stored script names/paths plus separate script files","Automation host collections","Recent/load preferences and dynamic macro binding references","Keep missing references; do not execute scripts to identify macros during import; identity reconciliation pending.","https://github.com/altqx/hikari/blob/20d647c4c769ab7f5d383cf3c1c33f03876a94e9/HikariSub/Hotkeys.cpp#L278"
