id,context,applies_to,source_fact,proposed_handling,source
"R-G","Global (G)","all static IDs","Below5000 dispatch through active tab;5000..5149 require existing menu item;5150+ install accelerators. Missing Audio can fall through to Video for an Audio ID.","Keep source context; handler/resource eligibility and actual event precedence need fixtures.","https://github.com/altqx/hikari/blob/20d647c4c769ab7f5d383cf3c1c33f03876a94e9/HikariSub/HikariSubFrame.cpp#L1754 ; https://github.com/altqx/hikari/blob/20d647c4c769ab7f5d383cf3c1c33f03876a94e9/HikariSub/HikariSubFrame.cpp#L1802"
"R-S","Grid (S)","all static IDs","Video and Editor ranges cross-bind; Grid range connects itself. Audio1010..1014 omitted; Audio1000..1004 use handler ID+10.","Do not merge ALT aliases with main IDs; retain scope.","https://github.com/altqx/hikari/blob/20d647c4c769ab7f5d383cf3c1c33f03876a94e9/HikariSub/TabPanel.cpp#L128"
"R-E","Editor (E)","all static IDs","Video cross-binds; Editor native range installed. Grid range enters a branch whose nested GRID condition is unreachable, so Editor-context Grid actions are dropped here.","Source anomaly, not a proven desired behavior; characterize before any repair/departure.","https://github.com/altqx/hikari/blob/20d647c4c769ab7f5d383cf3c1c33f03876a94e9/HikariSub/TabPanel.cpp#L154"
"R-V","Video (V)","all static IDs","Editor/Grid ranges cross-bind; Video range connects;2000..2003 additionally copied to Grid.","Shared binding coverage differs from stored context.","https://github.com/altqx/hikari/blob/20d647c4c769ab7f5d383cf3c1c33f03876a94e9/HikariSub/TabPanel.cpp#L141 ; https://github.com/altqx/hikari/blob/20d647c4c769ab7f5d383cf3c1c33f03876a94e9/HikariSub/TabPanel.cpp#L199"
"R-A","Audio (A)","all static IDs","Separate AudioBox table cross-binds Video/Editor/Grid ranges; Global bind is commented. A-context entries also flow to Grid except1010..1014.","Installing an accelerator does not establish final handler availability or a protected-target rule.","https://github.com/altqx/hikari/blob/20d647c4c769ab7f5d383cf3c1c33f03876a94e9/HikariSub/AudioBox.cpp#L587 ; https://github.com/altqx/hikari/blob/20d647c4c769ab7f5d383cf3c1c33f03876a94e9/HikariSub/TabPanel.cpp#L183"
"F-GRID","Grid","GRID_CUT / GRID_COPY / GRID_PASTE","Fixed Ctrl-X/C/V entries are prepended independently of registry.","Do not infer duplicate precedence from append order.","https://github.com/altqx/hikari/blob/20d647c4c769ab7f5d383cf3c1c33f03876a94e9/HikariSub/TabPanel.cpp#L100"
"F-COMMIT","Editor","EDITBOX_COMMIT / EDITBOX_COMMIT_GO_NEXT_LINE","Fixed Ctrl-NumEnter/NumEnter in TabPanel plus fixed plain Enter in text editor.","Accepted Qt Enter commits+advances outside IME; other draft/shortcut collisions remain proposed.","https://github.com/altqx/hikari/blob/20d647c4c769ab7f5d383cf3c1c33f03876a94e9/HikariSub/TabPanel.cpp#L106 ; https://github.com/altqx/hikari/blob/20d647c4c769ab7f5d383cf3c1c33f03876a94e9/HikariSub/DialogueTextEditor.cpp#L49"
"F-TEXT","Text controls","internal IDs outside IDS registry","Deletion/navigation/selection/clipboard/context-menu routes are installed separately; multiline Enter differs with control flags.","Native Qt text/IME handling needs explicit conflict fixtures; cannot be rebuilt from243 IDs.","https://github.com/altqx/hikari/blob/20d647c4c769ab7f5d383cf3c1c33f03876a94e9/HikariSub/DialogueTextEditor.cpp#L49 ; https://github.com/altqx/hikari/blob/20d647c4c769ab7f5d383cf3c1c33f03876a94e9/HikariSub/HikariTextCtrl.cpp#L63"
"F-NUMPAD","Text/time controls","TEXT_FIELD_ALLOW_NUMPAD_HOTKEYS","When false, controls install digit interception; true allows shortcut paths.","Preserve inverse condition, not a generic numpad toggle.","https://github.com/altqx/hikari/blob/20d647c4c769ab7f5d383cf3c1c33f03876a94e9/HikariSub/DialogueTextEditor.cpp#L76 ; https://github.com/altqx/hikari/blob/20d647c4c769ab7f5d383cf3c1c33f03876a94e9/HikariSub/HikariTextCtrl.cpp#L92 ; https://github.com/altqx/hikari/blob/20d647c4c769ab7f5d383cf3c1c33f03876a94e9/HikariSub/TimeCtrl.cpp#L145"
"F-TAG","Editor and cross-domain routes","EDITBOX_TAG_BUTTON1..20","Direct E-context route skips slots at/above visible count; earlier cross-range branches do not apply that filter.","Retain hidden slot definitions and bindings; no new hidden-command eligibility assumed.","https://github.com/altqx/hikari/blob/20d647c4c769ab7f5d383cf3c1c33f03876a94e9/HikariSub/TabPanel.cpp#L172"
"D-MACRO","Global","dynamic IDs30100+","Load allocates IDs in encountered order; save uses script Name. Existing filename/ordinal identity and duplicate names are not durable macro identity.","Preserve raw identity/name/context/binding; unresolved or missing scripts stay inactive and are not executed.","https://github.com/altqx/hikari/blob/20d647c4c769ab7f5d383cf3c1c33f03876a94e9/HikariSub/Hotkeys.cpp#L278 ; https://github.com/altqx/hikari/blob/20d647c4c769ab7f5d383cf3c1c33f03876a94e9/HikariSub/Hotkeys.cpp#L329"
"C04","File parser","Hotkeys / AudioHotkeys","<=10 parsed records load defaults; invalid old header may replace file; old conversion can rewrite input.","New non-destructive short-file import behavior requires named C04 approval; do not call old loaders.","https://github.com/altqx/hikari/blob/20d647c4c769ab7f5d383cf3c1c33f03876a94e9/HikariSub/Hotkeys.cpp#L237 ; https://github.com/altqx/hikari/blob/20d647c4c769ab7f5d383cf3c1c33f03876a94e9/HikariSub/Hotkeys.cpp#L307"
"BLANK","File writer","all stored bindings","Save skips blank accelerators and IDs<100; file partition follows A context, not numeric action family.","Missing versus explicit unbound cannot be reconstructed from absence alone; retain presence/raw records.","https://github.com/altqx/hikari/blob/20d647c4c769ab7f5d383cf3c1c33f03876a94e9/HikariSub/Hotkeys.cpp#L318"
