source_key,proposed_owner,disposition,destination,definition
"WINDOW_BACKGROUND","Historical theme evidence only","exclude-accepted-theme","None; redesign Qt theme from scratch","https://github.com/altqx/hikari/blob/20d647c4c769ab7f5d383cf3c1c33f03876a94e9/HikariSub/config.h#L280"
"WINDOW_BACKGROUND_INACTIVE","Historical theme evidence only","exclude-accepted-theme","None; redesign Qt theme from scratch","https://github.com/altqx/hikari/blob/20d647c4c769ab7f5d383cf3c1c33f03876a94e9/HikariSub/config.h#L281"
"WINDOW_TEXT","Historical theme evidence only","exclude-accepted-theme","None; redesign Qt theme from scratch","https://github.com/altqx/hikari/blob/20d647c4c769ab7f5d383cf3c1c33f03876a94e9/HikariSub/config.h#L282"
"WINDOW_TEXT_INACTIVE","Historical theme evidence only","exclude-accepted-theme","None; redesign Qt theme from scratch","https://github.com/altqx/hikari/blob/20d647c4c769ab7f5d383cf3c1c33f03876a94e9/HikariSub/config.h#L283"
"WINDOW_BORDER","Historical theme evidence only","exclude-accepted-theme","None; redesign Qt theme from scratch","https://github.com/altqx/hikari/blob/20d647c4c769ab7f5d383cf3c1c33f03876a94e9/HikariSub/config.h#L284"
"WINDOW_BORDER_INACTIVE","Historical theme evidence only","exclude-accepted-theme","None; redesign Qt theme from scratch","https://github.com/altqx/hikari/blob/20d647c4c769ab7f5d383cf3c1c33f03876a94e9/HikariSub/config.h#L285"
"WINDOW_BORDER_BACKGROUND","Historical theme evidence only","exclude-accepted-theme","None; redesign Qt theme from scratch","https://github.com/altqx/hikari/blob/20d647c4c769ab7f5d383cf3c1c33f03876a94e9/HikariSub/config.h#L286"
"WINDOW_BORDER_BACKGROUND_INACTIVE","Historical theme evidence only","exclude-accepted-theme","None; redesign Qt theme from scratch","https://github.com/altqx/hikari/blob/20d647c4c769ab7f5d383cf3c1c33f03876a94e9/HikariSub/config.h#L287"
"WINDOW_HEADER_TEXT","Historical theme evidence only","exclude-accepted-theme","None; redesign Qt theme from scratch","https://github.com/altqx/hikari/blob/20d647c4c769ab7f5d383cf3c1c33f03876a94e9/HikariSub/config.h#L288"
"WINDOW_HEADER_TEXT_INACTIVE","Historical theme evidence only","exclude-accepted-theme","None; redesign Qt theme from scratch","https://github.com/altqx/hikari/blob/20d647c4c769ab7f5d383cf3c1c33f03876a94e9/HikariSub/config.h#L289"
"WINDOW_HOVER_HEADER_ELEMENT","Historical theme evidence only","exclude-accepted-theme","None; redesign Qt theme from scratch","https://github.com/altqx/hikari/blob/20d647c4c769ab7f5d383cf3c1c33f03876a94e9/HikariSub/config.h#L290"
"WINDOW_PUSHED_HEADER_ELEMENT","Historical theme evidence only","exclude-accepted-theme","None; redesign Qt theme from scratch","https://github.com/altqx/hikari/blob/20d647c4c769ab7f5d383cf3c1c33f03876a94e9/HikariSub/config.h#L291"
"WINDOW_HOVER_CLOSE_BUTTON","Historical theme evidence only","exclude-accepted-theme","None; redesign Qt theme from scratch","https://github.com/altqx/hikari/blob/20d647c4c769ab7f5d383cf3c1c33f03876a94e9/HikariSub/config.h#L292"
"WINDOW_PUSHED_CLOSE_BUTTON","Historical theme evidence only","exclude-accepted-theme","None; redesign Qt theme from scratch","https://github.com/altqx/hikari/blob/20d647c4c769ab7f5d383cf3c1c33f03876a94e9/HikariSub/config.h#L293"
"WINDOW_WARNING_ELEMENTS","Historical theme evidence only","exclude-accepted-theme","None; redesign Qt theme from scratch","https://github.com/altqx/hikari/blob/20d647c4c769ab7f5d383cf3c1c33f03876a94e9/HikariSub/config.h#L294"
"GRID_TEXT","Historical theme evidence only","exclude-accepted-theme","None; redesign Qt theme from scratch","https://github.com/altqx/hikari/blob/20d647c4c769ab7f5d383cf3c1c33f03876a94e9/HikariSub/config.h#L295"
"GRID_BACKGROUND","Historical theme evidence only","exclude-accepted-theme","None; redesign Qt theme from scratch","https://github.com/altqx/hikari/blob/20d647c4c769ab7f5d383cf3c1c33f03876a94e9/HikariSub/config.h#L296"
"GRID_DIALOGUE","Historical theme evidence only","exclude-accepted-theme","None; redesign Qt theme from scratch","https://github.com/altqx/hikari/blob/20d647c4c769ab7f5d383cf3c1c33f03876a94e9/HikariSub/config.h#L297"
"GRID_COMMENT","Historical theme evidence only","exclude-accepted-theme","None; redesign Qt theme from scratch","https://github.com/altqx/hikari/blob/20d647c4c769ab7f5d383cf3c1c33f03876a94e9/HikariSub/config.h#L298"
"GRID_SELECTION","Historical theme evidence only","exclude-accepted-theme","None; redesign Qt theme from scratch","https://github.com/altqx/hikari/blob/20d647c4c769ab7f5d383cf3c1c33f03876a94e9/HikariSub/config.h#L299"
"GRID_LINE_VISIBLE_ON_VIDEO","Historical theme evidence only","exclude-accepted-theme","None; redesign Qt theme from scratch","https://github.com/altqx/hikari/blob/20d647c4c769ab7f5d383cf3c1c33f03876a94e9/HikariSub/config.h#L300"
"GRID_COLLISIONS","Historical theme evidence only","exclude-accepted-theme","None; redesign Qt theme from scratch","https://github.com/altqx/hikari/blob/20d647c4c769ab7f5d383cf3c1c33f03876a94e9/HikariSub/config.h#L301"
"GRID_LINES","Historical theme evidence only","exclude-accepted-theme","None; redesign Qt theme from scratch","https://github.com/altqx/hikari/blob/20d647c4c769ab7f5d383cf3c1c33f03876a94e9/HikariSub/config.h#L302"
"GRID_ACTIVE_LINE","Historical theme evidence only","exclude-accepted-theme","None; redesign Qt theme from scratch","https://github.com/altqx/hikari/blob/20d647c4c769ab7f5d383cf3c1c33f03876a94e9/HikariSub/config.h#L303"
"GRID_HEADER","Historical theme evidence only","exclude-accepted-theme","None; redesign Qt theme from scratch","https://github.com/altqx/hikari/blob/20d647c4c769ab7f5d383cf3c1c33f03876a94e9/HikariSub/config.h#L304"
"GRID_HEADER_TEXT","Historical theme evidence only","exclude-accepted-theme","None; redesign Qt theme from scratch","https://github.com/altqx/hikari/blob/20d647c4c769ab7f5d383cf3c1c33f03876a94e9/HikariSub/config.h#L305"
"GRID_LABEL_NORMAL","Historical theme evidence only","exclude-accepted-theme","None; redesign Qt theme from scratch","https://github.com/altqx/hikari/blob/20d647c4c769ab7f5d383cf3c1c33f03876a94e9/HikariSub/config.h#L306"
"GRID_LABEL_MODIFIED","Historical theme evidence only","exclude-accepted-theme","None; redesign Qt theme from scratch","https://github.com/altqx/hikari/blob/20d647c4c769ab7f5d383cf3c1c33f03876a94e9/HikariSub/config.h#L307"
"GRID_LABEL_SAVED","Historical theme evidence only","exclude-accepted-theme","None; redesign Qt theme from scratch","https://github.com/altqx/hikari/blob/20d647c4c769ab7f5d383cf3c1c33f03876a94e9/HikariSub/config.h#L308"
"GRID_LABEL_DOUBTFUL","Historical theme evidence only","exclude-accepted-theme","None; redesign Qt theme from scratch","https://github.com/altqx/hikari/blob/20d647c4c769ab7f5d383cf3c1c33f03876a94e9/HikariSub/config.h#L309"
"GRID_SPELLCHECKER","Historical theme evidence only","exclude-accepted-theme","None; redesign Qt theme from scratch","https://github.com/altqx/hikari/blob/20d647c4c769ab7f5d383cf3c1c33f03876a94e9/HikariSub/config.h#L310"
"GRID_COMPARISON_OUTLINE","Historical theme evidence only","exclude-accepted-theme","None; redesign Qt theme from scratch","https://github.com/altqx/hikari/blob/20d647c4c769ab7f5d383cf3c1c33f03876a94e9/HikariSub/config.h#L311"
"GRID_COMPARISON_BACKGROUND_NOT_MATCH","Historical theme evidence only","exclude-accepted-theme","None; redesign Qt theme from scratch","https://github.com/altqx/hikari/blob/20d647c4c769ab7f5d383cf3c1c33f03876a94e9/HikariSub/config.h#L312"
"GRID_COMPARISON_BACKGROUND_MATCH","Historical theme evidence only","exclude-accepted-theme","None; redesign Qt theme from scratch","https://github.com/altqx/hikari/blob/20d647c4c769ab7f5d383cf3c1c33f03876a94e9/HikariSub/config.h#L313"
"GRID_COMPARISON_COMMENT_BACKGROUND_NOT_MATCH","Historical theme evidence only","exclude-accepted-theme","None; redesign Qt theme from scratch","https://github.com/altqx/hikari/blob/20d647c4c769ab7f5d383cf3c1c33f03876a94e9/HikariSub/config.h#L314"
"GRID_COMPARISON_COMMENT_BACKGROUND_MATCH","Historical theme evidence only","exclude-accepted-theme","None; redesign Qt theme from scratch","https://github.com/altqx/hikari/blob/20d647c4c769ab7f5d383cf3c1c33f03876a94e9/HikariSub/config.h#L315"
"EDITOR_TEXT","Historical theme evidence only","exclude-accepted-theme","None; redesign Qt theme from scratch","https://github.com/altqx/hikari/blob/20d647c4c769ab7f5d383cf3c1c33f03876a94e9/HikariSub/config.h#L316"
"EDITOR_TAG_NAMES","Historical theme evidence only","exclude-accepted-theme","None; redesign Qt theme from scratch","https://github.com/altqx/hikari/blob/20d647c4c769ab7f5d383cf3c1c33f03876a94e9/HikariSub/config.h#L317"
"EDITOR_TAG_VALUES","Historical theme evidence only","exclude-accepted-theme","None; redesign Qt theme from scratch","https://github.com/altqx/hikari/blob/20d647c4c769ab7f5d383cf3c1c33f03876a94e9/HikariSub/config.h#L318"
"EDITOR_CURLY_BRACES","Historical theme evidence only","exclude-accepted-theme","None; redesign Qt theme from scratch","https://github.com/altqx/hikari/blob/20d647c4c769ab7f5d383cf3c1c33f03876a94e9/HikariSub/config.h#L319"
"EDITOR_TAG_OPERATORS","Historical theme evidence only","exclude-accepted-theme","None; redesign Qt theme from scratch","https://github.com/altqx/hikari/blob/20d647c4c769ab7f5d383cf3c1c33f03876a94e9/HikariSub/config.h#L320"
"EDITOR_SPLIT_LINES_AND_DRAWINGS","Historical theme evidence only","exclude-accepted-theme","None; redesign Qt theme from scratch","https://github.com/altqx/hikari/blob/20d647c4c769ab7f5d383cf3c1c33f03876a94e9/HikariSub/config.h#L321"
"EDITOR_TEMPLATE_VARIABLES","Historical theme evidence only","exclude-accepted-theme","None; redesign Qt theme from scratch","https://github.com/altqx/hikari/blob/20d647c4c769ab7f5d383cf3c1c33f03876a94e9/HikariSub/config.h#L322"
"EDITOR_TEMPLATE_CODE_MARKS","Historical theme evidence only","exclude-accepted-theme","None; redesign Qt theme from scratch","https://github.com/altqx/hikari/blob/20d647c4c769ab7f5d383cf3c1c33f03876a94e9/HikariSub/config.h#L323"
"EDITOR_TEMPLATE_FUNCTIONS","Historical theme evidence only","exclude-accepted-theme","None; redesign Qt theme from scratch","https://github.com/altqx/hikari/blob/20d647c4c769ab7f5d383cf3c1c33f03876a94e9/HikariSub/config.h#L324"
"EDITOR_TEMPLATE_KEYWORDS","Historical theme evidence only","exclude-accepted-theme","None; redesign Qt theme from scratch","https://github.com/altqx/hikari/blob/20d647c4c769ab7f5d383cf3c1c33f03876a94e9/HikariSub/config.h#L325"
"EDITOR_TEMPLATE_STRINGS","Historical theme evidence only","exclude-accepted-theme","None; redesign Qt theme from scratch","https://github.com/altqx/hikari/blob/20d647c4c769ab7f5d383cf3c1c33f03876a94e9/HikariSub/config.h#L326"
"EDITOR_PHRASE_SEARCH","Historical theme evidence only","exclude-accepted-theme","None; redesign Qt theme from scratch","https://github.com/altqx/hikari/blob/20d647c4c769ab7f5d383cf3c1c33f03876a94e9/HikariSub/config.h#L327"
"EDITOR_BRACES_BACKGROUND","Historical theme evidence only","exclude-accepted-theme","None; redesign Qt theme from scratch","https://github.com/altqx/hikari/blob/20d647c4c769ab7f5d383cf3c1c33f03876a94e9/HikariSub/config.h#L328"
"EDITOR_BACKGROUND","Historical theme evidence only","exclude-accepted-theme","None; redesign Qt theme from scratch","https://github.com/altqx/hikari/blob/20d647c4c769ab7f5d383cf3c1c33f03876a94e9/HikariSub/config.h#L329"
"EDITOR_SELECTION","Historical theme evidence only","exclude-accepted-theme","None; redesign Qt theme from scratch","https://github.com/altqx/hikari/blob/20d647c4c769ab7f5d383cf3c1c33f03876a94e9/HikariSub/config.h#L330"
"EDITOR_SELECTION_NO_FOCUS","Historical theme evidence only","exclude-accepted-theme","None; redesign Qt theme from scratch","https://github.com/altqx/hikari/blob/20d647c4c769ab7f5d383cf3c1c33f03876a94e9/HikariSub/config.h#L331"
"EDITOR_BORDER","Historical theme evidence only","exclude-accepted-theme","None; redesign Qt theme from scratch","https://github.com/altqx/hikari/blob/20d647c4c769ab7f5d383cf3c1c33f03876a94e9/HikariSub/config.h#L332"
"EDITOR_BORDER_ON_FOCUS","Historical theme evidence only","exclude-accepted-theme","None; redesign Qt theme from scratch","https://github.com/altqx/hikari/blob/20d647c4c769ab7f5d383cf3c1c33f03876a94e9/HikariSub/config.h#L333"
"EDITOR_SPELLCHECKER","Historical theme evidence only","exclude-accepted-theme","None; redesign Qt theme from scratch","https://github.com/altqx/hikari/blob/20d647c4c769ab7f5d383cf3c1c33f03876a94e9/HikariSub/config.h#L334"
"AUDIO_BACKGROUND","Historical theme evidence only","exclude-accepted-theme","None; redesign Qt theme from scratch","https://github.com/altqx/hikari/blob/20d647c4c769ab7f5d383cf3c1c33f03876a94e9/HikariSub/config.h#L335"
"AUDIO_LINE_BOUNDARY_START","Historical theme evidence only","exclude-accepted-theme","None; redesign Qt theme from scratch","https://github.com/altqx/hikari/blob/20d647c4c769ab7f5d383cf3c1c33f03876a94e9/HikariSub/config.h#L336"
"AUDIO_LINE_BOUNDARY_END","Historical theme evidence only","exclude-accepted-theme","None; redesign Qt theme from scratch","https://github.com/altqx/hikari/blob/20d647c4c769ab7f5d383cf3c1c33f03876a94e9/HikariSub/config.h#L337"
"AUDIO_LINE_BOUNDARY_MARK","Historical theme evidence only","exclude-accepted-theme","None; redesign Qt theme from scratch","https://github.com/altqx/hikari/blob/20d647c4c769ab7f5d383cf3c1c33f03876a94e9/HikariSub/config.h#L338"
"AUDIO_LINE_BOUNDARY_INACTIVE_LINE","Historical theme evidence only","exclude-accepted-theme","None; redesign Qt theme from scratch","https://github.com/altqx/hikari/blob/20d647c4c769ab7f5d383cf3c1c33f03876a94e9/HikariSub/config.h#L339"
"AUDIO_PLAY_CURSOR","Historical theme evidence only","exclude-accepted-theme","None; redesign Qt theme from scratch","https://github.com/altqx/hikari/blob/20d647c4c769ab7f5d383cf3c1c33f03876a94e9/HikariSub/config.h#L340"
"AUDIO_SECONDS_BOUNDARIES","Historical theme evidence only","exclude-accepted-theme","None; redesign Qt theme from scratch","https://github.com/altqx/hikari/blob/20d647c4c769ab7f5d383cf3c1c33f03876a94e9/HikariSub/config.h#L341"
"AUDIO_KEYFRAMES","Historical theme evidence only","exclude-accepted-theme","None; redesign Qt theme from scratch","https://github.com/altqx/hikari/blob/20d647c4c769ab7f5d383cf3c1c33f03876a94e9/HikariSub/config.h#L342"
"AUDIO_SYLLABLE_BOUNDARIES","Historical theme evidence only","exclude-accepted-theme","None; redesign Qt theme from scratch","https://github.com/altqx/hikari/blob/20d647c4c769ab7f5d383cf3c1c33f03876a94e9/HikariSub/config.h#L343"
"AUDIO_SYLLABLE_TEXT","Historical theme evidence only","exclude-accepted-theme","None; redesign Qt theme from scratch","https://github.com/altqx/hikari/blob/20d647c4c769ab7f5d383cf3c1c33f03876a94e9/HikariSub/config.h#L344"
"AUDIO_SELECTION_BACKGROUND","Historical theme evidence only","exclude-accepted-theme","None; redesign Qt theme from scratch","https://github.com/altqx/hikari/blob/20d647c4c769ab7f5d383cf3c1c33f03876a94e9/HikariSub/config.h#L345"
"AUDIO_SELECTION_BACKGROUND_MODIFIED","Historical theme evidence only","exclude-accepted-theme","None; redesign Qt theme from scratch","https://github.com/altqx/hikari/blob/20d647c4c769ab7f5d383cf3c1c33f03876a94e9/HikariSub/config.h#L346"
"AUDIO_INACTIVE_LINES_BACKGROUND","Historical theme evidence only","exclude-accepted-theme","None; redesign Qt theme from scratch","https://github.com/altqx/hikari/blob/20d647c4c769ab7f5d383cf3c1c33f03876a94e9/HikariSub/config.h#L347"
"AUDIO_WAVEFORM","Historical theme evidence only","exclude-accepted-theme","None; redesign Qt theme from scratch","https://github.com/altqx/hikari/blob/20d647c4c769ab7f5d383cf3c1c33f03876a94e9/HikariSub/config.h#L348"
"AUDIO_WAVEFORM_INACTIVE","Historical theme evidence only","exclude-accepted-theme","None; redesign Qt theme from scratch","https://github.com/altqx/hikari/blob/20d647c4c769ab7f5d383cf3c1c33f03876a94e9/HikariSub/config.h#L349"
"AUDIO_WAVEFORM_MODIFIED","Historical theme evidence only","exclude-accepted-theme","None; redesign Qt theme from scratch","https://github.com/altqx/hikari/blob/20d647c4c769ab7f5d383cf3c1c33f03876a94e9/HikariSub/config.h#L350"
"AUDIO_WAVEFORM_SELECTED","Historical theme evidence only","exclude-accepted-theme","None; redesign Qt theme from scratch","https://github.com/altqx/hikari/blob/20d647c4c769ab7f5d383cf3c1c33f03876a94e9/HikariSub/config.h#L351"
"AUDIO_SPECTRUM_BACKGROUND","Historical theme evidence only","exclude-accepted-theme","None; redesign Qt theme from scratch","https://github.com/altqx/hikari/blob/20d647c4c769ab7f5d383cf3c1c33f03876a94e9/HikariSub/config.h#L352"
"AUDIO_SPECTRUM_ECHO","Historical theme evidence only","exclude-accepted-theme","None; redesign Qt theme from scratch","https://github.com/altqx/hikari/blob/20d647c4c769ab7f5d383cf3c1c33f03876a94e9/HikariSub/config.h#L353"
"AUDIO_SPECTRUM_INNER","Historical theme evidence only","exclude-accepted-theme","None; redesign Qt theme from scratch","https://github.com/altqx/hikari/blob/20d647c4c769ab7f5d383cf3c1c33f03876a94e9/HikariSub/config.h#L354"
"TEXT_FIELD_BACKGROUND","Historical theme evidence only","exclude-accepted-theme","None; redesign Qt theme from scratch","https://github.com/altqx/hikari/blob/20d647c4c769ab7f5d383cf3c1c33f03876a94e9/HikariSub/config.h#L355"
"TEXT_FIELD_BORDER","Historical theme evidence only","exclude-accepted-theme","None; redesign Qt theme from scratch","https://github.com/altqx/hikari/blob/20d647c4c769ab7f5d383cf3c1c33f03876a94e9/HikariSub/config.h#L356"
"TEXT_FIELD_BORDER_ON_FOCUS","Historical theme evidence only","exclude-accepted-theme","None; redesign Qt theme from scratch","https://github.com/altqx/hikari/blob/20d647c4c769ab7f5d383cf3c1c33f03876a94e9/HikariSub/config.h#L357"
"TEXT_FIELD_SELECTION","Historical theme evidence only","exclude-accepted-theme","None; redesign Qt theme from scratch","https://github.com/altqx/hikari/blob/20d647c4c769ab7f5d383cf3c1c33f03876a94e9/HikariSub/config.h#L358"
"TEXT_FIELD_SELECTION_NO_FOCUS","Historical theme evidence only","exclude-accepted-theme","None; redesign Qt theme from scratch","https://github.com/altqx/hikari/blob/20d647c4c769ab7f5d383cf3c1c33f03876a94e9/HikariSub/config.h#L359"
"BUTTON_BACKGROUND","Historical theme evidence only","exclude-accepted-theme","None; redesign Qt theme from scratch","https://github.com/altqx/hikari/blob/20d647c4c769ab7f5d383cf3c1c33f03876a94e9/HikariSub/config.h#L360"
"BUTTON_BACKGROUND_HOVER","Historical theme evidence only","exclude-accepted-theme","None; redesign Qt theme from scratch","https://github.com/altqx/hikari/blob/20d647c4c769ab7f5d383cf3c1c33f03876a94e9/HikariSub/config.h#L361"
"BUTTON_BACKGROUND_PUSHED","Historical theme evidence only","exclude-accepted-theme","None; redesign Qt theme from scratch","https://github.com/altqx/hikari/blob/20d647c4c769ab7f5d383cf3c1c33f03876a94e9/HikariSub/config.h#L362"
"BUTTON_BACKGROUND_ON_FOCUS","Historical theme evidence only","exclude-accepted-theme","None; redesign Qt theme from scratch","https://github.com/altqx/hikari/blob/20d647c4c769ab7f5d383cf3c1c33f03876a94e9/HikariSub/config.h#L363"
"BUTTON_BORDER","Historical theme evidence only","exclude-accepted-theme","None; redesign Qt theme from scratch","https://github.com/altqx/hikari/blob/20d647c4c769ab7f5d383cf3c1c33f03876a94e9/HikariSub/config.h#L364"
"BUTTON_BORDER_HOVER","Historical theme evidence only","exclude-accepted-theme","None; redesign Qt theme from scratch","https://github.com/altqx/hikari/blob/20d647c4c769ab7f5d383cf3c1c33f03876a94e9/HikariSub/config.h#L365"
"BUTTON_BORDER_PUSHED","Historical theme evidence only","exclude-accepted-theme","None; redesign Qt theme from scratch","https://github.com/altqx/hikari/blob/20d647c4c769ab7f5d383cf3c1c33f03876a94e9/HikariSub/config.h#L366"
"BUTTON_BORDER_ON_FOCUS","Historical theme evidence only","exclude-accepted-theme","None; redesign Qt theme from scratch","https://github.com/altqx/hikari/blob/20d647c4c769ab7f5d383cf3c1c33f03876a94e9/HikariSub/config.h#L367"
"BUTTON_BORDER_INACTIVE","Historical theme evidence only","exclude-accepted-theme","None; redesign Qt theme from scratch","https://github.com/altqx/hikari/blob/20d647c4c769ab7f5d383cf3c1c33f03876a94e9/HikariSub/config.h#L368"
"TOGGLE_BUTTON_BACKGROUND_TOGGLED","Historical theme evidence only","exclude-accepted-theme","None; redesign Qt theme from scratch","https://github.com/altqx/hikari/blob/20d647c4c769ab7f5d383cf3c1c33f03876a94e9/HikariSub/config.h#L369"
"TOGGLE_BUTTON_BORDER_TOGGLED","Historical theme evidence only","exclude-accepted-theme","None; redesign Qt theme from scratch","https://github.com/altqx/hikari/blob/20d647c4c769ab7f5d383cf3c1c33f03876a94e9/HikariSub/config.h#L370"
"SCROLLBAR_BACKGROUND","Historical theme evidence only","exclude-accepted-theme","None; redesign Qt theme from scratch","https://github.com/altqx/hikari/blob/20d647c4c769ab7f5d383cf3c1c33f03876a94e9/HikariSub/config.h#L371"
"SCROLLBAR_THUMB","Historical theme evidence only","exclude-accepted-theme","None; redesign Qt theme from scratch","https://github.com/altqx/hikari/blob/20d647c4c769ab7f5d383cf3c1c33f03876a94e9/HikariSub/config.h#L372"
"SCROLLBAR_THUMB_HOVER","Historical theme evidence only","exclude-accepted-theme","None; redesign Qt theme from scratch","https://github.com/altqx/hikari/blob/20d647c4c769ab7f5d383cf3c1c33f03876a94e9/HikariSub/config.h#L373"
"SCROLLBAR_THUMB_PUSHED","Historical theme evidence only","exclude-accepted-theme","None; redesign Qt theme from scratch","https://github.com/altqx/hikari/blob/20d647c4c769ab7f5d383cf3c1c33f03876a94e9/HikariSub/config.h#L374"
"STATICBOX_BORDER","Historical theme evidence only","exclude-accepted-theme","None; redesign Qt theme from scratch","https://github.com/altqx/hikari/blob/20d647c4c769ab7f5d383cf3c1c33f03876a94e9/HikariSub/config.h#L375"
"STATICLIST_BORDER","Historical theme evidence only","exclude-accepted-theme","None; redesign Qt theme from scratch","https://github.com/altqx/hikari/blob/20d647c4c769ab7f5d383cf3c1c33f03876a94e9/HikariSub/config.h#L376"
"STATICLIST_BACKGROUND","Historical theme evidence only","exclude-accepted-theme","None; redesign Qt theme from scratch","https://github.com/altqx/hikari/blob/20d647c4c769ab7f5d383cf3c1c33f03876a94e9/HikariSub/config.h#L377"
"STATICLIST_SELECTION","Historical theme evidence only","exclude-accepted-theme","None; redesign Qt theme from scratch","https://github.com/altqx/hikari/blob/20d647c4c769ab7f5d383cf3c1c33f03876a94e9/HikariSub/config.h#L378"
"STATICLIST_BACKGROUND_HEADLINE","Historical theme evidence only","exclude-accepted-theme","None; redesign Qt theme from scratch","https://github.com/altqx/hikari/blob/20d647c4c769ab7f5d383cf3c1c33f03876a94e9/HikariSub/config.h#L379"
"STATICLIST_TEXT_HEADLINE","Historical theme evidence only","exclude-accepted-theme","None; redesign Qt theme from scratch","https://github.com/altqx/hikari/blob/20d647c4c769ab7f5d383cf3c1c33f03876a94e9/HikariSub/config.h#L380"
"STATUSBAR_BORDER","Historical theme evidence only","exclude-accepted-theme","None; redesign Qt theme from scratch","https://github.com/altqx/hikari/blob/20d647c4c769ab7f5d383cf3c1c33f03876a94e9/HikariSub/config.h#L381"
"MENUBAR_BACKGROUND1","Historical theme evidence only","exclude-accepted-theme","None; redesign Qt theme from scratch","https://github.com/altqx/hikari/blob/20d647c4c769ab7f5d383cf3c1c33f03876a94e9/HikariSub/config.h#L382"
"MENUBAR_BACKGROUND2","Historical theme evidence only","exclude-accepted-theme","None; redesign Qt theme from scratch","https://github.com/altqx/hikari/blob/20d647c4c769ab7f5d383cf3c1c33f03876a94e9/HikariSub/config.h#L383"
"MENUBAR_BORDER_SELECTION","Historical theme evidence only","exclude-accepted-theme","None; redesign Qt theme from scratch","https://github.com/altqx/hikari/blob/20d647c4c769ab7f5d383cf3c1c33f03876a94e9/HikariSub/config.h#L384"
"MENUBAR_BACKGROUND_HOVER","Historical theme evidence only","exclude-accepted-theme","None; redesign Qt theme from scratch","https://github.com/altqx/hikari/blob/20d647c4c769ab7f5d383cf3c1c33f03876a94e9/HikariSub/config.h#L385"
"MENUBAR_BACKGROUND_SELECTION","Historical theme evidence only","exclude-accepted-theme","None; redesign Qt theme from scratch","https://github.com/altqx/hikari/blob/20d647c4c769ab7f5d383cf3c1c33f03876a94e9/HikariSub/config.h#L386"
"MENUBAR_BACKGROUND","Historical theme evidence only","exclude-accepted-theme","None; redesign Qt theme from scratch","https://github.com/altqx/hikari/blob/20d647c4c769ab7f5d383cf3c1c33f03876a94e9/HikariSub/config.h#L387"
"MENU_BORDER_SELECTION","Historical theme evidence only","exclude-accepted-theme","None; redesign Qt theme from scratch","https://github.com/altqx/hikari/blob/20d647c4c769ab7f5d383cf3c1c33f03876a94e9/HikariSub/config.h#L388"
"MENU_BACKGROUND_SELECTION","Historical theme evidence only","exclude-accepted-theme","None; redesign Qt theme from scratch","https://github.com/altqx/hikari/blob/20d647c4c769ab7f5d383cf3c1c33f03876a94e9/HikariSub/config.h#L389"
"TABSBAR_BACKGROUND1","Historical theme evidence only","exclude-accepted-theme","None; redesign Qt theme from scratch","https://github.com/altqx/hikari/blob/20d647c4c769ab7f5d383cf3c1c33f03876a94e9/HikariSub/config.h#L390"
"TABSBAR_BACKGROUND2","Historical theme evidence only","exclude-accepted-theme","None; redesign Qt theme from scratch","https://github.com/altqx/hikari/blob/20d647c4c769ab7f5d383cf3c1c33f03876a94e9/HikariSub/config.h#L391"
"TABS_BORDER_ACTIVE","Historical theme evidence only","exclude-accepted-theme","None; redesign Qt theme from scratch","https://github.com/altqx/hikari/blob/20d647c4c769ab7f5d383cf3c1c33f03876a94e9/HikariSub/config.h#L392"
"TABS_BORDER_INACTIVE","Historical theme evidence only","exclude-accepted-theme","None; redesign Qt theme from scratch","https://github.com/altqx/hikari/blob/20d647c4c769ab7f5d383cf3c1c33f03876a94e9/HikariSub/config.h#L393"
"TABS_BACKGROUND_ACTIVE","Historical theme evidence only","exclude-accepted-theme","None; redesign Qt theme from scratch","https://github.com/altqx/hikari/blob/20d647c4c769ab7f5d383cf3c1c33f03876a94e9/HikariSub/config.h#L394"
"TABS_BACKGROUND_INACTIVE","Historical theme evidence only","exclude-accepted-theme","None; redesign Qt theme from scratch","https://github.com/altqx/hikari/blob/20d647c4c769ab7f5d383cf3c1c33f03876a94e9/HikariSub/config.h#L395"
"TABS_BACKGROUND_INACTIVE_HOVER","Historical theme evidence only","exclude-accepted-theme","None; redesign Qt theme from scratch","https://github.com/altqx/hikari/blob/20d647c4c769ab7f5d383cf3c1c33f03876a94e9/HikariSub/config.h#L396"
"TABS_BACKGROUND_SECOND_WINDOW","Historical theme evidence only","exclude-accepted-theme","None; redesign Qt theme from scratch","https://github.com/altqx/hikari/blob/20d647c4c769ab7f5d383cf3c1c33f03876a94e9/HikariSub/config.h#L397"
"TABS_TEXT_ACTIVE","Historical theme evidence only","exclude-accepted-theme","None; redesign Qt theme from scratch","https://github.com/altqx/hikari/blob/20d647c4c769ab7f5d383cf3c1c33f03876a94e9/HikariSub/config.h#L398"
"TABS_TEXT_INACTIVE","Historical theme evidence only","exclude-accepted-theme","None; redesign Qt theme from scratch","https://github.com/altqx/hikari/blob/20d647c4c769ab7f5d383cf3c1c33f03876a94e9/HikariSub/config.h#L399"
"TABS_CLOSE_HOVER","Historical theme evidence only","exclude-accepted-theme","None; redesign Qt theme from scratch","https://github.com/altqx/hikari/blob/20d647c4c769ab7f5d383cf3c1c33f03876a94e9/HikariSub/config.h#L400"
"TABSBAR_ARROW","Historical theme evidence only","exclude-accepted-theme","None; redesign Qt theme from scratch","https://github.com/altqx/hikari/blob/20d647c4c769ab7f5d383cf3c1c33f03876a94e9/HikariSub/config.h#L401"
"TABSBAR_ARROW_BACKGROUND","Historical theme evidence only","exclude-accepted-theme","None; redesign Qt theme from scratch","https://github.com/altqx/hikari/blob/20d647c4c769ab7f5d383cf3c1c33f03876a94e9/HikariSub/config.h#L402"
"TABSBAR_ARROW_BACKGROUND_HOVER","Historical theme evidence only","exclude-accepted-theme","None; redesign Qt theme from scratch","https://github.com/altqx/hikari/blob/20d647c4c769ab7f5d383cf3c1c33f03876a94e9/HikariSub/config.h#L403"
"SLIDER_PATH_BACKGROUND","Historical theme evidence only","exclude-accepted-theme","None; redesign Qt theme from scratch","https://github.com/altqx/hikari/blob/20d647c4c769ab7f5d383cf3c1c33f03876a94e9/HikariSub/config.h#L404"
"SLIDER_PATH_BORDER","Historical theme evidence only","exclude-accepted-theme","None; redesign Qt theme from scratch","https://github.com/altqx/hikari/blob/20d647c4c769ab7f5d383cf3c1c33f03876a94e9/HikariSub/config.h#L405"
"SLIDER_BORDER","Historical theme evidence only","exclude-accepted-theme","None; redesign Qt theme from scratch","https://github.com/altqx/hikari/blob/20d647c4c769ab7f5d383cf3c1c33f03876a94e9/HikariSub/config.h#L406"
"SLIDER_BORDER_HOVER","Historical theme evidence only","exclude-accepted-theme","None; redesign Qt theme from scratch","https://github.com/altqx/hikari/blob/20d647c4c769ab7f5d383cf3c1c33f03876a94e9/HikariSub/config.h#L407"
"SLIDER_BORDER_PUSHED","Historical theme evidence only","exclude-accepted-theme","None; redesign Qt theme from scratch","https://github.com/altqx/hikari/blob/20d647c4c769ab7f5d383cf3c1c33f03876a94e9/HikariSub/config.h#L408"
"SLIDER_BACKGROUND","Historical theme evidence only","exclude-accepted-theme","None; redesign Qt theme from scratch","https://github.com/altqx/hikari/blob/20d647c4c769ab7f5d383cf3c1c33f03876a94e9/HikariSub/config.h#L409"
"SLIDER_BACKGROUND_HOVER","Historical theme evidence only","exclude-accepted-theme","None; redesign Qt theme from scratch","https://github.com/altqx/hikari/blob/20d647c4c769ab7f5d383cf3c1c33f03876a94e9/HikariSub/config.h#L410"
"SLIDER_BACKGROUND_PUSHED","Historical theme evidence only","exclude-accepted-theme","None; redesign Qt theme from scratch","https://github.com/altqx/hikari/blob/20d647c4c769ab7f5d383cf3c1c33f03876a94e9/HikariSub/config.h#L411"
"WINDOW_RESIZER_DOTS","Historical theme evidence only","exclude-accepted-theme","None; redesign Qt theme from scratch","https://github.com/altqx/hikari/blob/20d647c4c769ab7f5d383cf3c1c33f03876a94e9/HikariSub/config.h#L412"
"FIND_RESULT_FILENAME_FOREGROUND","Historical theme evidence only","exclude-accepted-theme","None; redesign Qt theme from scratch","https://github.com/altqx/hikari/blob/20d647c4c769ab7f5d383cf3c1c33f03876a94e9/HikariSub/config.h#L413"
"FIND_RESULT_FILENAME_BACKGROUND","Historical theme evidence only","exclude-accepted-theme","None; redesign Qt theme from scratch","https://github.com/altqx/hikari/blob/20d647c4c769ab7f5d383cf3c1c33f03876a94e9/HikariSub/config.h#L414"
"FIND_RESULT_FOUND_PHRASE_FOREGROUND","Historical theme evidence only","exclude-accepted-theme","None; redesign Qt theme from scratch","https://github.com/altqx/hikari/blob/20d647c4c769ab7f5d383cf3c1c33f03876a94e9/HikariSub/config.h#L415"
"FIND_RESULT_FOUND_PHRASE_BACKGROUND","Historical theme evidence only","exclude-accepted-theme","None; redesign Qt theme from scratch","https://github.com/altqx/hikari/blob/20d647c4c769ab7f5d383cf3c1c33f03876a94e9/HikariSub/config.h#L416"
"STYLE_PREVIEW_COLOR1","Historical theme evidence only","exclude-accepted-theme","None; redesign Qt theme from scratch","https://github.com/altqx/hikari/blob/20d647c4c769ab7f5d383cf3c1c33f03876a94e9/HikariSub/config.h#L417"
"STYLE_PREVIEW_COLOR2","Historical theme evidence only","exclude-accepted-theme","None; redesign Qt theme from scratch","https://github.com/altqx/hikari/blob/20d647c4c769ab7f5d383cf3c1c33f03876a94e9/HikariSub/config.h#L418"
